slice,gnn_doa,music_doa,abs_error,squared_error,gnn_infer_time,music_time,n_select,group_size,num_groups
500,-33.62051010131836,-34.00000000000165,0.3794898986832891,0.144012583202653,0.00012795379362910627,0.025261640548706055,30,5,6
501,-33.581050872802734,-34.00000000000165,0.4189491271989141,0.17551837118073188,0.00012795379362910627,0.028036832809448242,30,5,6
502,-33.58613586425781,-34.00000000000165,0.41386413574383596,0.17128352285499227,0.00012795379362910627,0.04237699508666992,30,5,6
503,-33.627986907958984,-34.00000000000165,0.3720130920426641,0.13839374065114365,0.00012795379362910627,0.026047945022583008,30,5,6
504,-33.65869903564453,-34.00000000000165,0.3413009643571172,0.11648634827109819,0.00012795379362910627,0.027482032775878906,30,5,6
505,-33.62276077270508,-34.00000000000165,0.37723922729657033,0.14230943461131346,0.00012795379362910627,0.027087926864624023,30,5,6
506,-33.57583999633789,-34.00000000000165,0.42416000366375783,0.17991170870803905,0.00012795379362910627,0.037348031997680664,30,5,6
507,-33.60818862915039,-34.00000000000165,0.39181137085125783,0.1535161503283419,0.00012795379362910627,0.0243990421295166,30,5,6
508,-33.79900360107422,-34.00000000000165,0.2009963989274297,0.04039955238179447,0.00012795379362910627,0.024981021881103516,30,5,6
509,-34.014678955078125,-34.00000000000165,0.01467895507647654,0.0002154717221372164,0.00012795379362910627,0.029974937438964844,30,5,6
510,-34.180152893066406,-34.00000000000165,0.1801528930647578,0.03245506487960206,0.00012795379362910627,0.03201603889465332,30,5,6
511,-34.26874923706055,-34.50000000000165,0.23125076294110158,0.053476915360841565,0.00012795379362910627,0.03021717071533203,30,5,6
512,-34.30272674560547,-34.50000000000165,0.1972732543961797,0.03891673690005984,0.00012795379362910627,0.027652740478515625,30,5,6
513,-34.259891510009766,-34.00000000000165,0.25989151000811717,0.06754359697429926,0.00012795379362910627,0.037889957427978516,30,5,6
514,-34.20305252075195,-34.00000000000165,0.20305252075030467,0.041230326183052904,0.00012795379362910627,0.029428958892822266,30,5,6
515,-34.08719253540039,-34.00000000000165,0.08719253539874217,0.007602538229260906,0.00012795379362910627,0.027759075164794922,30,5,6
516,-34.030540466308594,-34.00000000000165,0.03054046630694529,0.0009327200822456605,0.00012795379362910627,0.05977511405944824,30,5,6
517,-33.978614807128906,-34.00000000000165,0.02138519287274221,0.0004573264742043842,0.00012795379362910627,0.02843189239501953,30,5,6
518,-33.90899658203125,-34.00000000000165,0.09100341797039846,0.008281622082295041,0.00012795379362910627,0.038657188415527344,30,5,6
519,-33.911109924316406,-34.00000000000165,0.08889007568524221,0.007901445555328089,0.00012795379362910627,0.03692293167114258,30,5,6
520,-33.94715118408203,-34.00000000000165,0.05284881591961721,0.0027929973441055854,0.00012795379362910627,0.04362607002258301,30,5,6
521,-33.866546630859375,-34.00000000000165,0.13345336914227346,0.017809801735423906,0.00012795379362910627,0.022661924362182617,30,5,6
522,-33.901695251464844,-34.00000000000165,0.09830474853680471,0.009663823584884408,0.00012795379362910627,0.033327341079711914,30,5,6
523,-34.00187301635742,-34.00000000000165,0.0018730163557734159,3.508190268994727e-06,0.00012795379362910627,0.031710147857666016,30,5,6
524,-34.06557083129883,-34.00000000000165,0.06557083129717967,0.004299533917003196,0.00012795379362910627,0.03693795204162598,30,5,6
525,-34.07326126098633,-34.00000000000165,0.07326126098467967,0.005367212361065347,0.00012795379362910627,0.049668073654174805,30,5,6
526,-34.13016891479492,-34.00000000000165,0.13016891479327342,0.016943946378458474,0.00012795379362910627,0.02485799789428711,30,5,6
527,-34.067970275878906,-34.00000000000165,0.06797027587725779,0.004619958402830532,0.00012795379362910627,0.024713993072509766,30,5,6
528,-34.10580062866211,-34.50000000000165,0.3941993713395391,0.15539314436448784,0.00012795379362910627,0.029762983322143555,30,5,6
529,-34.014347076416016,-34.50000000000165,0.48565292358563283,0.23585876218727253,0.00012795379362910627,0.036005258560180664,30,5,6
530,-33.910194396972656,-34.50000000000165,0.5898056030289922,0.34787064936439316,0.00012795379362910627,0.03761577606201172,30,5,6
531,-33.8083610534668,-34.50000000000165,0.6916389465348516,0.4783644323638393,0.00012795379362910627,0.02729320526123047,30,5,6
532,-34.06935501098633,-34.50000000000165,0.43064498901532033,0.18545510656400538,0.00012795379362910627,0.024021148681640625,30,5,6
533,-34.07815933227539,-34.50000000000165,0.42184066772625783,0.17794954894773507,0.00012795379362910627,0.027692794799804688,30,5,6
534,-34.19329833984375,-34.00000000000165,0.19329833984210154,0.03736424818571258,0.00012795379362910627,0.02504706382751465,30,5,6
535,-34.29722213745117,-34.50000000000165,0.20277786255047658,0.041118861540539973,0.00012795379362910627,0.026914119720458984,30,5,6
536,-34.3055305480957,-34.50000000000165,0.19446945190594533,0.03781836772459878,0.00012795379362910627,0.02991485595703125,30,5,6
537,-34.079532623291016,-34.50000000000165,0.42046737671063283,0.17679281487792123,0.00012795379362910627,0.03007221221923828,30,5,6
538,-34.10179901123047,-34.50000000000165,0.3982009887711797,0.1585640274583452,0.00012795379362910627,0.029293060302734375,30,5,6
539,-34.13145446777344,-34.50000000000165,0.36854553222821096,0.13582580932537527,0.00012795379362910627,0.04040694236755371,30,5,6
540,-34.06333923339844,-34.00000000000165,0.06333923339678904,0.004011858487292916,0.00012795379362910627,0.03777503967285156,30,5,6
541,-33.992488861083984,-34.00000000000165,0.007511138917664084,5.641720784044799e-05,0.00012795379362910627,0.029961824417114258,30,5,6
542,-34.03254318237305,-34.00000000000165,0.032543182371398416,0.0010590587188580966,0.00012795379362910627,0.0351712703704834,30,5,6
543,-33.99286651611328,-34.00000000000165,0.007133483888367209,5.088659238559456e-05,0.00012795379362910627,0.02750682830810547,30,5,6
544,-34.03550338745117,-34.00000000000165,0.035503387449523416,0.0012604905203909768,0.00012795379362910627,0.028895854949951172,30,5,6
545,-34.09818649291992,-34.00000000000165,0.09818649291827342,0.009640587391590155,0.00012795379362910627,0.028023719787597656,30,5,6
546,-34.05171585083008,-34.00000000000165,0.051715850828429666,0.0026745292269083894,0.00012795379362910627,0.03364300727844238,30,5,6
547,-34.008827209472656,-34.00000000000165,0.00882720947100779,7.791962704504964e-05,0.00012795379362910627,0.03198575973510742,30,5,6
548,-33.94819641113281,-34.00000000000165,0.05180358886883596,0.002683611819691385,0.00012795379362910627,0.02883601188659668,30,5,6
549,-33.70614242553711,-33.500000000001656,0.2061424255354538,0.04249469960564012,0.00012795379362910627,0.026316165924072266,30,5,6
550,-33.52779006958008,-33.500000000001656,0.02779006957842256,0.000772287967173567,0.00012795379362910627,0.02940535545349121,30,5,6
551,-33.552467346191406,-33.500000000001656,0.052467346189750685,0.002752822416195146,0.00012795379362910627,0.026232004165649414,30,5,6
552,-33.63631057739258,-33.500000000001656,0.13631057739092256,0.01858057350864669,0.00012795379362910627,0.030365943908691406,30,5,6
553,-33.8270263671875,-34.00000000000165,0.17297363281414846,0.029919877648923857,0.00012795379362910627,0.032756805419921875,30,5,6
554,-33.99943161010742,-34.00000000000165,0.0005683898942265841,3.230670718589075e-07,0.00012795379362910627,0.025866985321044922,30,5,6
555,-34.03192901611328,-34.00000000000165,0.03192901611163279,0.0010194620698569063,0.00012795379362910627,0.05616927146911621,30,5,6
556,-33.951778411865234,-34.00000000000165,0.048221588136414084,0.0023253215623979515,0.00012795379362910627,0.03677701950073242,30,5,6
557,-33.813011169433594,-34.00000000000165,0.1869888305680547,0.03496482275720867,0.00012795379362910627,0.026218175888061523,30,5,6
558,-33.648590087890625,-34.00000000000165,0.35140991211102346,0.12348892632987724,0.00012795379362910627,0.03934502601623535,30,5,6
559,-33.5194091796875,-34.00000000000165,0.48059082031414846,0.23096753657022612,0.00012795379362910627,0.02591705322265625,30,5,6
560,-33.31617736816406,-33.500000000001656,0.18382263183759306,0.03379075997569928,0.00012795379362910627,0.02933502197265625,30,5,6
561,-33.174781799316406,-33.500000000001656,0.3252182006852493,0.10576687805695109,0.00012795379362910627,0.022710084915161133,30,5,6
562,-33.04978561401367,-33.500000000001656,0.4502143859879837,0.20269299335053717,0.00012795379362910627,0.03635597229003906,30,5,6
563,-32.97629928588867,-33.500000000001656,0.5237007141129837,0.2742624379624491,0.00012795379362910627,0.032958030700683594,30,5,6
564,-32.961769104003906,-33.500000000001656,0.5382308959977493,0.28969249740654,0.00012795379362910627,0.022540807723999023,30,5,6
565,-33.082977294921875,-33.500000000001656,0.41702270507978056,0.17390793655205763,0.00012795379362910627,0.030315160751342773,30,5,6
566,-33.284420013427734,-33.500000000001656,0.2155799865739212,0.04647473061121204,0.00012795379362910627,0.023849964141845703,30,5,6
567,-33.46916580200195,-33.500000000001656,0.03083419799970244,0.0009507477662848539,0.00012795379362910627,0.02814006805419922,30,5,6
568,-33.60197830200195,-33.500000000001656,0.10197830200029756,0.010399574078863893,0.00012795379362910627,0.029751062393188477,30,5,6
569,-33.738216400146484,-34.00000000000165,0.2617835998551641,0.06853065315312866,0.00012795379362910627,0.04071211814880371,30,5,6
570,-33.80512619018555,-34.00000000000165,0.19487380981610158,0.03797580175224213,0.00012795379362910627,0.02537703514099121,30,5,6
571,-33.7211799621582,-34.00000000000165,0.27882003784344533,0.07774061350302029,0.00012795379362910627,0.032582998275756836,30,5,6
572,-33.559837341308594,-33.500000000001656,0.059837341306938185,0.0035805074146830107,0.00012795379362910627,0.03757190704345703,30,5,6
573,-33.373783111572266,-33.500000000001656,0.12621688842938994,0.015930702924797067,0.00012795379362910627,0.02461385726928711,30,5,6
574,-33.23817825317383,-33.500000000001656,0.26182174682782744,0.06855062711197497,0.00012795379362910627,0.029906272888183594,30,5,6
575,-33.198890686035156,-33.500000000001656,0.3011093139664993,0.09066681895737586,0.00012795379362910627,0.0266571044921875,30,5,6
576,-33.14025115966797,-33.500000000001656,0.3597488403336868,0.1294192281214325,0.00012795379362910627,0.05176806449890137,30,5,6
577,-33.15612030029297,-33.500000000001656,0.3438796997086868,0.11825324787173662,0.00012795379362910627,0.03388690948486328,30,5,6
578,-33.383853912353516,-33.500000000001656,0.11614608764813994,0.013489913675969405,0.00012795379362910627,0.027547121047973633,30,5,6
579,-33.56694412231445,-33.500000000001656,0.06694412231279756,0.0044815155122308005,0.00012795379362910627,0.0510561466217041,30,5,6
580,-33.734344482421875,-34.00000000000165,0.26565551757977346,0.07057285402057732,0.00012795379362910627,0.03774404525756836,30,5,6
581,-33.8665885925293,-34.00000000000165,0.13341140747235158,0.017798603643753828,0.00012795379362910627,0.03617286682128906,30,5,6
582,-33.84855651855469,-34.00000000000165,0.15144348144696096,0.02293512807277601,0.00012795379362910627,0.0244290828704834,30,5,6
583,-33.784854888916016,-34.00000000000165,0.21514511108563283,0.04628741882404929,0.00012795379362910627,0.03267097473144531,30,5,6
584,-33.78289794921875,-34.00000000000165,0.21710205078289846,0.04713330045414022,0.00012795379362910627,0.03787088394165039,30,5,6
585,-33.658935546875,-34.00000000000165,0.34106445312664846,0.11632496118657978,0.00012795379362910627,0.026468992233276367,30,5,6
586,-33.51582336425781,-33.500000000001656,0.015823364256156935,0.0002503788563830249,0.00012795379362910627,0.027130842208862305,30,5,6
587,-33.44866943359375,-33.500000000001656,0.051330566407905565,0.002634827047756403,0.00012795379362910627,0.03119492530822754,30,5,6
588,-33.31949996948242,-33.500000000001656,0.1805000305192337,0.032580261017444295,0.00012795379362910627,0.02994513511657715,30,5,6
589,-33.10887145996094,-33.500000000001656,0.39112854004071806,0.1529815348343836,0.00012795379362910627,0.03655099868774414,30,5,6
590,-33.0728759765625,-33.500000000001656,0.42712402343915556,0.1824349313988523,0.00012795379362910627,0.03135490417480469,30,5,6
591,-33.02494430541992,-33.500000000001656,0.4750556945817337,0.22567791295453343,0.00012795379362910627,0.039302825927734375,30,5,6
592,-32.94044494628906,-33.500000000001656,0.5595550537125931,0.3131018581353029,0.00012795379362910627,0.03260493278503418,30,5,6
593,-32.91461944580078,-33.500000000001656,0.5853805542008743,0.34267039323652276,0.00012795379362910627,0.03726482391357422,30,5,6
594,-32.99173355102539,-33.500000000001656,0.5082664489762649,0.2583347831549421,0.00012795379362910627,0.027460098266601562,30,5,6
595,-33.14223861694336,-33.500000000001656,0.3577613830582962,0.12799320720778495,0.00012795379362910627,0.028413057327270508,30,5,6
596,-33.25875473022461,-33.500000000001656,0.2412452697770462,0.05819928018979979,0.00012795379362910627,0.028249025344848633,30,5,6
597,-33.41819763183594,-33.500000000001656,0.08180236816571806,0.006691627437519684,0.00012795379362910627,0.04656100273132324,30,5,6
598,-33.59728240966797,-34.00000000000165,0.4027175903336797,0.16218145756416547,0.00012795379362910627,0.03770709037780762,30,5,6
599,-33.73256301879883,-34.00000000000165,0.26743698120282033,0.07152253891487767,0.00012795379362910627,0.023146867752075195,30,5,6
600,-33.74555969238281,-34.00000000000165,0.25444030761883596,0.06473987014116787,0.00012795379362910627,0.03113102912902832,30,5,6
601,-33.842933654785156,-34.00000000000165,0.1570663452164922,0.024669836799666306,0.00012795379362910627,0.03686976432800293,30,5,6
602,-33.8483772277832,-34.00000000000165,0.15162277221844533,0.02298946505520656,0.00012795379362910627,0.023080825805664062,30,5,6
603,-33.851436614990234,-34.00000000000165,0.14856338501141408,0.022071079366049656,0.00012795379362910627,0.033785104751586914,30,5,6
604,-33.84437561035156,-34.00000000000165,0.15562438965008596,0.024218950653961784,0.00012795379362910627,0.03374218940734863,30,5,6
605,-33.70466232299805,-33.500000000001656,0.2046623229963913,0.0418866664542792,0.00012795379362910627,0.038871049880981445,30,5,6
606,-33.556053161621094,-33.500000000001656,0.056053161619438185,0.003141956927534858,0.00012795379362910627,0.04080533981323242,30,5,6
607,-33.31781005859375,-33.500000000001656,0.18218994140790556,0.03319317475021606,0.00012795379362910627,0.02434706687927246,30,5,6
608,-33.018943786621094,-33.00000000000166,0.01894378661943108,0.000358867051482536,0.00012795379362910627,0.02593684196472168,30,5,6
609,-32.66194534301758,-33.00000000000166,0.33805465698408455,0.11428095110862706,0.00012795379362910627,0.025094032287597656,30,5,6
610,-32.45172119140625,-33.00000000000166,0.5482788085954127,0.30060965195480516,0.00012795379362910627,0.025842905044555664,30,5,6
611,-32.260066986083984,-33.00000000000166,0.7399330139176783,0.547500865085299,0.00012795379362910627,0.03076314926147461,30,5,6
612,-32.41178894042969,-33.00000000000166,0.5882110595719752,0.3459922506027857,0.00012795379362910627,0.022288799285888672,30,5,6
613,-32.592994689941406,-33.00000000000166,0.4070053100602564,0.16565332241724545,0.00012795379362910627,0.033705949783325195,30,5,6
614,-32.68741989135742,-33.00000000000166,0.3125801086442408,0.09770632432004538,0.00012795379362910627,0.030582904815673828,30,5,6
615,-32.803985595703125,-33.00000000000166,0.19601440429853767,0.03842164669251058,0.00012795379362910627,0.027856111526489258,30,5,6
616,-32.83927917480469,-33.00000000000166,0.16072082519697517,0.025831183651996648,0.00012795379362910627,0.029791831970214844,30,5,6
617,-32.86142349243164,-33.00000000000166,0.13857650757002205,0.01920344845030438,0.00012795379362910627,0.0303647518157959,30,5,6
618,-32.89520263671875,-33.500000000001656,0.6047973632829056,0.36577985063395485,0.00012795379362910627,0.033075809478759766,30,5,6
619,-32.871803283691406,-33.00000000000166,0.12819671631025642,0.016434398072732365,0.00012795379362910627,0.03845405578613281,30,5,6
620,-32.88090133666992,-33.500000000001656,0.6190986633317337,0.38328315493913934,0.00012795379362910627,0.0298159122467041,30,5,6
621,-32.97792434692383,-33.500000000001656,0.5220756530778274,0.27256298753664004,0.00012795379362910627,0.028753042221069336,30,5,6
622,-33.14652633666992,-33.500000000001656,0.3534736633317337,0.12494363066915581,0.00012795379362910627,0.032894134521484375,30,5,6
623,-33.132999420166016,-33.500000000001656,0.36700057983563994,0.13468942559969593,0.00012795379362910627,0.02653813362121582,30,5,6
624,-33.243656158447266,-33.500000000001656,0.25634384155438994,0.06571216510286218,0.00012795379362910627,0.03303718566894531,30,5,6
625,-33.20281219482422,-33.500000000001656,0.2971878051774368,0.08832059154618215,0.00012795379362910627,0.04330086708068848,30,5,6
626,-33.20171356201172,-33.500000000001656,0.2982864379899368,0.08897479908872442,0.00012795379362910627,0.03509783744812012,30,5,6
627,-33.11334228515625,-33.00000000000166,0.11334228515458733,0.012846473604063787,0.00012795379362910627,0.0317380428314209,30,5,6
628,-32.99553298950195,-33.00000000000166,0.004467010499709545,1.995418280451532e-05,0.00012795379362910627,0.0275418758392334,30,5,6
629,-32.89601135253906,-33.00000000000166,0.10398864746260017,0.010813638801100941,0.00012795379362910627,0.02516484260559082,30,5,6
630,-32.74307632446289,-33.00000000000166,0.25692367553877205,0.06600977505235221,0.00012795379362910627,0.026921987533569336,30,5,6
631,-32.45882034301758,-32.50000000000167,0.04117965698409165,0.0016957641493274482,0.00012795379362910627,0.02866983413696289,30,5,6
632,-32.361602783203125,-32.50000000000167,0.13839721679854478,0.019153789617583405,0.00012795379362910627,0.04205513000488281,30,5,6
633,-32.44943618774414,-33.00000000000166,0.550563812257522,0.303120511367536,0.00012795379362910627,0.025776147842407227,30,5,6
634,-32.509334564208984,-33.00000000000166,0.4906654357926783,0.24075256988161892,0.00012795379362910627,0.029321908950805664,30,5,6
635,-32.73668670654297,-33.00000000000166,0.2633132934586939,0.06933389051206426,0.00012795379362910627,0.026643991470336914,30,5,6
636,-33.16433334350586,-33.500000000001656,0.3356666564957962,0.11267210428306683,0.00012795379362910627,0.03157401084899902,30,5,6
637,-33.31999206542969,-33.500000000001656,0.18000793457196806,0.032402856508865936,0.00012795379362910627,0.027280807495117188,30,5,6
638,-33.415245056152344,-33.500000000001656,0.08475494384931181,0.007183400506899999,0.00012795379362910627,0.031780242919921875,30,5,6
639,-33.3101921081543,-33.500000000001656,0.1898078918473587,0.03602703580753861,0.00012795379362910627,0.026098966598510742,30,5,6
640,-33.18135070800781,-33.500000000001656,0.31864929199384306,0.10153737128817746,0.00012795379362910627,0.027817964553833008,30,5,6
641,-32.9124755859375,-33.00000000000166,0.08752441406416267,0.007660523057274996,0.00012795379362910627,0.02338886260986328,30,5,6
642,-32.81276321411133,-33.00000000000166,0.18723678589033455,0.03505761399054298,0.00012795379362910627,0.040409088134765625,30,5,6
643,-32.80678176879883,-33.00000000000166,0.19321823120283455,0.03733328486915202,0.00012795379362910627,0.0396418571472168,30,5,6
644,-32.84393310546875,-33.00000000000166,0.15606689453291267,0.02435687556914729,0.00012795379362910627,0.03234982490539551,30,5,6
645,-32.82164001464844,-33.00000000000166,0.17835998535322517,0.0318122843752027,0.00012795379362910627,0.04415488243103027,30,5,6
646,-32.855712890625,-33.00000000000166,0.14428710937666267,0.020818769932273017,0.00012795379362910627,0.036264896392822266,30,5,6
647,-32.80625915527344,-33.00000000000166,0.19374084472822517,0.037535514916006256,0.00012795379362910627,0.03583097457885742,30,5,6
648,-32.745361328125,-33.00000000000166,0.25463867187666267,0.06484085321511067,0.00012795379362910627,0.03509712219238281,30,5,6
649,-32.75989532470703,-33.00000000000166,0.24010467529463142,0.05765025509834039,0.00012795379362910627,0.03169894218444824,30,5,6
650,-32.8366813659668,-33.00000000000166,0.1633186340348658,0.026672976223014424,0.00012795379362910627,0.02800583839416504,30,5,6
651,-32.80459213256836,-33.00000000000166,0.1954078674333033,0.038184234654831437,0.00012795379362910627,0.03423786163330078,30,5,6
652,-32.69576644897461,-33.00000000000166,0.3042335510270533,0.09255805357053064,0.00012795379362910627,0.03342294692993164,30,5,6
653,-32.45918655395508,-32.50000000000167,0.04081344604659165,0.0016657373781980476,0.00012795379362910627,0.0307919979095459,30,5,6
654,-32.35398864746094,-32.50000000000167,0.14601135254073228,0.021319315070774007,0.00012795379362910627,0.029935121536254883,30,5,6
655,-32.255210876464844,-32.50000000000167,0.24478912353682603,0.05992171500192747,0.00012795379362910627,0.11956405639648438,30,5,6
656,-32.29922103881836,-32.50000000000167,0.2007789611833104,0.040312191253849265,0.00012795379362910627,0.03617572784423828,30,5,6
657,-32.54448699951172,-33.00000000000166,0.4555130004899439,0.20749209361535165,0.00012795379362910627,0.03535103797912598,30,5,6
658,-32.77208709716797,-33.00000000000166,0.22791290283369392,0.051944291278080805,0.00012795379362910627,0.033735036849975586,30,5,6
659,-32.87458038330078,-33.00000000000166,0.12541961670088142,0.015730080253396013,0.00012795379362910627,0.047119855880737305,30,5,6
660,-32.928524017333984,-33.500000000001656,0.5714759826676712,0.3265847987659804,0.00012795379362910627,0.039507150650024414,30,5,6
661,-33.044918060302734,-33.500000000001656,0.4550819396989212,0.20709957184013253,0.00012795379362910627,0.04821181297302246,30,5,6
662,-33.160823822021484,-33.500000000001656,0.3391761779801712,0.11504047970923677,0.00012795379362910627,0.030064821243286133,30,5,6
663,-33.3274040222168,-33.500000000001656,0.1725959777848587,0.029789371547511434,0.00012795379362910627,0.03685498237609863,30,5,6
664,-33.4399299621582,-33.500000000001656,0.06007003784345244,0.003608409446513808,0.00012795379362910627,0.03768205642700195,30,5,6
665,-33.544151306152344,-33.500000000001656,0.044151306150688185,0.0019493378348117963,0.00012795379362910627,0.03751826286315918,30,5,6
666,-33.57697296142578,-33.500000000001656,0.07697296142412569,0.005924836790399941,0.00012795379362910627,0.04189610481262207,30,5,6
667,-33.52574157714844,-33.500000000001656,0.025741577146781935,0.000662628794003726,0.00012795379362910627,0.14873099327087402,30,5,6
668,-33.383026123046875,-33.500000000001656,0.11697387695478056,0.013682887889832143,0.00012795379362910627,0.07974028587341309,30,5,6
669,-33.20045471191406,-33.500000000001656,0.29954528808759306,0.08972737961547912,0.00012795379362910627,0.03264808654785156,30,5,6
670,-32.91117477416992,-33.00000000000166,0.0888252258317408,0.007889920744059753,0.00012795379362910627,0.037676095962524414,30,5,6
671,-32.60354232788086,-33.00000000000166,0.3964576721208033,0.15717868578344638,0.00012795379362910627,0.029844999313354492,30,5,6
672,-32.40271759033203,-32.50000000000167,0.09728240966963853,0.009463867231131379,0.00012795379362910627,0.04508185386657715,30,5,6
673,-32.27141571044922,-32.50000000000167,0.22858428955245103,0.05225077743019877,0.00012795379362910627,0.05234217643737793,30,5,6
674,-32.202430725097656,-32.50000000000167,0.2975692749040135,0.08854747336690037,0.00012795379362910627,0.04128408432006836,30,5,6
675,-32.35783004760742,-33.00000000000166,0.6421699523942408,0.4123822477580215,0.00012795379362910627,0.0849149227142334,30,5,6
676,-32.47057342529297,-33.00000000000166,0.5294265747086939,0.2802924980077803,0.00012795379362910627,0.09528326988220215,30,5,6
677,-32.47597122192383,-33.00000000000166,0.5240287780778345,0.27460616025374834,0.00012795379362910627,0.11471796035766602,30,5,6
678,-32.3800163269043,-33.00000000000166,0.6199836730973658,0.38437975490730136,0.00012795379362910627,0.11968994140625,30,5,6
679,-32.32532501220703,-33.00000000000166,0.6746749877946314,0.45518633915568607,0.00012795379362910627,0.03963279724121094,30,5,6
680,-24.218341827392578,-24.000000000001766,0.21834182739081243,0.04767315358835933,0.00012795379362910627,0.1296989917755127,30,5,6
681,-24.358064651489258,-24.000000000001766,0.3580646514874921,0.1282102946448592,0.00012795379362910627,0.18989992141723633,30,5,6
682,-24.465517044067383,-24.000000000001766,0.4655170440656171,0.2167061183155897,0.00012795379362910627,0.07277894020080566,30,5,6
683,-24.54789924621582,-24.50000000000176,0.04789924621406172,0.002294337787875306,0.00012795379362910627,0.026635169982910156,30,5,6
684,-24.670852661132812,-24.50000000000176,0.1708526611310539,0.029190631815562737,0.00012795379362910627,0.051727294921875,30,5,6
685,-24.690601348876953,-24.50000000000176,0.19060134887519453,0.03632887419304362,0.00012795379362910627,0.04241490364074707,30,5,6
686,-24.77248191833496,-24.50000000000176,0.27248191833320234,0.07424639581854195,0.00012795379362910627,0.0498652458190918,30,5,6
687,-24.80510711669922,-24.50000000000176,0.30510711669746016,0.09309035265943758,0.00012795379362910627,0.03767895698547363,30,5,6
688,-24.789480209350586,-24.50000000000176,0.28948020934882734,0.0837987916046409,0.00012795379362910627,0.030421972274780273,30,5,6
689,-24.7260799407959,-24.50000000000176,0.22607994079413984,0.05111213962948178,0.00012795379362910627,0.03966212272644043,30,5,6
690,-24.788410186767578,-24.50000000000176,0.28841018676581953,0.0831804358302949,0.00012795379362910627,0.04584980010986328,30,5,6
691,-24.78091812133789,-24.50000000000176,0.28091812133613203,0.0789149908950218,0.00012795379362910627,0.03896808624267578,30,5,6
692,-24.565492630004883,-24.50000000000176,0.06549263000312422,0.004289284584726127,0.00012795379362910627,0.0341799259185791,30,5,6
693,-24.632654190063477,-24.50000000000176,0.13265419006171797,0.017597134140930393,0.00012795379362910627,0.026712894439697266,30,5,6
694,-24.465591430664062,-24.000000000001766,0.4655914306622968,0.21677538030616433,0.00012795379362910627,0.03223395347595215,30,5,6
695,-24.392976760864258,-24.000000000001766,0.3929767608624921,0.15443073457797632,0.00012795379362910627,0.0684361457824707,30,5,6
696,-31.873855590820312,-32.00000000000168,0.12614440918136438,0.015912411967715485,0.00012795379362910627,0.2759859561920166,30,5,6
697,-32.778228759765625,-33.00000000000166,0.22177124023603767,0.049182482995830334,0.00012795379362910627,0.18706774711608887,30,5,6
698,-33.019264221191406,-33.500000000001656,0.4807357788102493,0.23110688902829696,0.00012795379362910627,0.0751962661743164,30,5,6
699,-33.027713775634766,-33.00000000000166,0.027713775633102955,0.0007680533598419711,0.00012795379362910627,0.05539107322692871,30,5,6
700,-32.93964385986328,-33.00000000000166,0.06035614013838142,0.0036428636524039365,0.00012795379362910627,0.040032148361206055,30,5,6
701,-32.66891098022461,-33.00000000000166,0.3310890197770533,0.10961993901692998,0.00012795379362910627,0.03231096267700195,30,5,6
702,-32.296695709228516,-32.50000000000167,0.20330429077315415,0.04133263464677521,0.00012795379362910627,0.05171704292297363,30,5,6
703,-32.145782470703125,-32.50000000000167,0.3542175292985448,0.1254700580623654,0.00012795379362910627,0.04936027526855469,30,5,6
704,-32.13731384277344,-32.50000000000167,0.3626861572282323,0.131541248644982,0.00012795379362910627,0.034754037857055664,30,5,6
705,-32.28468322753906,-32.50000000000167,0.21531677246260728,0.0463613125037142,0.00012795379362910627,0.034069061279296875,30,5,6
706,-32.6502799987793,-33.00000000000166,0.3497200012223658,0.12230407925497154,0.00012795379362910627,0.04322504997253418,30,5,6
707,-33.012115478515625,-33.00000000000166,0.01211547851396233,0.00014678481962228287,0.00012795379362910627,0.04266476631164551,30,5,6
708,-33.105342864990234,-33.00000000000166,0.1053428649885717,0.011097119204000446,0.00012795379362910627,0.038320064544677734,30,5,6
709,-32.96613311767578,-33.00000000000166,0.03386688232588142,0.0011469657184750993,0.00012795379362910627,0.03675103187561035,30,5,6
710,-32.75459289550781,-33.00000000000166,0.24540710449385017,0.0602246469360555,0.00012795379362910627,0.03508806228637695,30,5,6
711,-32.51688003540039,-32.50000000000167,0.01688003539872085,0.00028493559506206895,0.00012795379362910627,0.03419303894042969,30,5,6
712,-32.189239501953125,-32.50000000000167,0.3107604980485448,0.0965720871473796,0.00012795379362910627,0.0788881778717041,30,5,6
713,-31.961345672607422,-32.50000000000167,0.5386543273942479,0.2901484844205496,0.00012795379362910627,0.038520097732543945,30,5,6
714,-32.0476188659668,-32.50000000000167,0.4523811340348729,0.20464869043067763,0.00012795379362910627,0.03558683395385742,30,5,6
715,-32.273807525634766,-32.50000000000167,0.22619247436690415,0.05116303546022259,0.00012795379362910627,0.038076162338256836,30,5,6
716,-32.46331787109375,-33.00000000000166,0.5366821289079127,0.28802770748912937,0.00012795379362910627,0.03641700744628906,30,5,6
717,-32.65026092529297,-33.00000000000166,0.3497390747086939,0.12231742037809339,0.00012795379362910627,0.027973175048828125,30,5,6
718,-32.70830154418945,-33.00000000000166,0.29169845581220955,0.08508798912322757,0.00012795379362910627,0.04401397705078125,30,5,6
719,-32.56241989135742,-33.00000000000166,0.4375801086442408,0.1914763514811056,0.00012795379362910627,0.026217937469482422,30,5,6
720,-32.45490646362305,-32.50000000000167,0.0450935363786229,0.002033427023130187,0.00012795379362910627,0.03461122512817383,30,5,6
721,-32.3533935546875,-32.50000000000167,0.14660644531416978,0.021493449807656655,0.00012795379362910627,0.03587198257446289,30,5,6
722,-32.32124710083008,-32.50000000000167,0.17875289917159165,0.03195259896224921,0.00012795379362910627,0.03237199783325195,30,5,6
723,-32.56171798706055,-33.00000000000166,0.4382820129411158,0.1920911228677164,0.00012795379362910627,0.042124032974243164,30,5,6
724,-32.753570556640625,-33.00000000000166,0.24642944336103767,0.060727470555230874,0.00012795379362910627,0.03448605537414551,30,5,6
725,-32.6237678527832,-32.50000000000167,0.12376785278153335,0.015318481382151312,0.00012795379362910627,0.03887200355529785,30,5,6
726,-32.50053024291992,-32.50000000000167,0.0005302429182520996,2.8115755235650275e-07,0.00012795379362910627,0.02584695816040039,30,5,6
727,-32.444637298583984,-32.50000000000167,0.0553627014176854,0.003065028708263785,0.00012795379362910627,0.028225183486938477,30,5,6
728,-32.20270919799805,-32.50000000000167,0.2972908020036229,0.08838182095595731,0.00012795379362910627,0.03911709785461426,30,5,6
729,-31.93057632446289,-32.50000000000167,0.5694236755387792,0.32424332226409286,0.00012795379362910627,0.03783893585205078,30,5,6
730,-31.946962356567383,-32.50000000000167,0.553037643434287,0.30585063505534954,0.00012795379362910627,0.03372907638549805,30,5,6
731,-32.11798858642578,-32.50000000000167,0.3820114135758885,0.14593272010224856,0.00012795379362910627,0.034468889236450195,30,5,6
732,-32.197593688964844,-32.50000000000167,0.302406311036826,0.09144957695490157,0.00012795379362910627,0.06103181838989258,30,5,6
733,-32.2911376953125,-32.50000000000167,0.20886230468916978,0.04362346232007159,0.00012795379362910627,0.08486294746398926,30,5,6
734,-32.337684631347656,-32.50000000000167,0.16231536865401353,0.026346278901288316,0.00012795379362910627,0.1121981143951416,30,5,6
735,-32.23523712158203,-32.50000000000167,0.2647628784196385,0.0700993817890523,0.00012795379362910627,0.15440702438354492,30,5,6
736,-32.00873947143555,-32.50000000000167,0.4912605285661229,0.24133690692706644,0.00012795379362910627,0.05046796798706055,30,5,6
737,-31.777599334716797,-32.50000000000167,0.7224006652848729,0.521862721204027,0.00012795379362910627,0.0466771125793457,30,5,6
738,-31.668149948120117,-32.50000000000167,0.8318500518815526,0.6919745088153417,0.00012795379362910627,0.037103891372680664,30,5,6
739,-31.719797134399414,-32.50000000000167,0.7802028656022557,0.6087165114939715,0.00012795379362910627,0.03061389923095703,30,5,6
740,-32.018150329589844,-32.50000000000167,0.481849670411826,0.23217910487598536,0.00012795379362910627,0.04409503936767578,30,5,6
741,-32.333091735839844,-32.50000000000167,0.16690826416182603,0.027858368645513897,0.00012795379362910627,0.060272932052612305,30,5,6
742,-32.39516830444336,-32.50000000000167,0.1048316955583104,0.010989684393630277,0.00012795379362910627,0.04267311096191406,30,5,6
743,-32.41859436035156,-32.50000000000167,0.08140563965010728,0.0066268781668431176,0.00012795379362910627,0.027423858642578125,30,5,6
744,-32.44202423095703,-33.00000000000166,0.5579757690446314,0.31133695884094786,0.00012795379362910627,0.02187180519104004,30,5,6
745,-32.393463134765625,-32.50000000000167,0.10653686523604478,0.011350103654323165,0.00012795379362910627,0.030251026153564453,30,5,6
746,-32.11517333984375,-32.50000000000167,0.3848266601579198,0.14809155836829907,0.00012795379362910627,0.05672407150268555,30,5,6
747,-31.926847457885742,-32.50000000000167,0.5731525421159276,0.32850383653395016,0.00012795379362910627,0.034384965896606445,30,5,6
748,-31.688514709472656,-32.50000000000167,0.8114852905290135,0.6585083767449574,0.00012795379362910627,0.03887510299682617,30,5,6
749,-31.560474395751953,-32.00000000000168,0.43952560424972376,0.1931827567910848,0.00012795379362910627,0.12805986404418945,30,5,6
750,-31.38190269470215,-32.00000000000168,0.6180973052995284,0.3820442788185385,0.00012795379362910627,0.15773916244506836,30,5,6
751,-31.459552764892578,-32.00000000000168,0.5404472351090988,0.2920832139370695,0.00012795379362910627,0.09562802314758301,30,5,6
752,-32.09434127807617,-32.50000000000167,0.4056587219254979,0.16455899867422843,0.00012795379362910627,0.05874276161193848,30,5,6
753,-32.37423324584961,-32.50000000000167,0.1257667541520604,0.015817276449944802,0.00012795379362910627,0.056862831115722656,30,5,6
754,-32.49449920654297,-33.00000000000166,0.5055007934586939,0.25553105218736916,0.00012795379362910627,0.043975830078125,30,5,6
755,-32.41899108886719,-32.50000000000167,0.08100891113448228,0.006562443683194447,0.00012795379362910627,0.04732108116149902,30,5,6
756,-32.22322082519531,-32.50000000000167,0.2767791748063573,0.07660671160648808,0.00012795379362910627,0.04718184471130371,30,5,6
757,-31.742483139038086,-32.50000000000167,0.7575168609635838,0.5738317946441216,0.00012795379362910627,0.055542945861816406,30,5,6
758,-31.181110382080078,-32.00000000000168,0.8188896179215988,0.670580206339782,0.00012795379362910627,0.031752824783325195,30,5,6
759,-30.98865509033203,-32.00000000000168,1.0113449096696456,1.0228185263147036,0.00012795379362910627,0.029518842697143555,30,5,6
760,-31.338478088378906,-32.00000000000168,0.6615219116227706,0.4376112395570448,0.00012795379362910627,0.03495669364929199,30,5,6
761,-31.54520034790039,-32.00000000000168,0.45479965210128626,0.206842723551451,0.00012795379362910627,0.0283811092376709,30,5,6
762,-31.786497116088867,-32.00000000000168,0.2135028839128097,0.04558348143908669,0.00012795379362910627,0.1486968994140625,30,5,6
763,-32.05830001831055,-32.50000000000167,0.4416999816911229,0.1950988738259383,0.00012795379362910627,0.10198783874511719,30,5,6
764,-32.17693328857422,-32.50000000000167,0.323066711427451,0.10437210003254792,0.00012795379362910627,0.04025602340698242,30,5,6
765,-31.859846115112305,-32.00000000000168,0.1401538848893722,0.019643111449583393,0.00012795379362910627,0.0543978214263916,30,5,6
766,-31.589832305908203,-32.00000000000168,0.41016769409347376,0.16823753727795746,0.00012795379362910627,0.036695003509521484,30,5,6
767,-31.787353515625,-32.50000000000167,0.7126464843766698,0.507865011694427,0.00012795379362910627,0.03234696388244629,30,5,6
768,-32.153778076171875,-32.50000000000167,0.3462219238297948,0.11986962054040422,0.00012795379362910627,0.046215057373046875,30,5,6
769,-31.910799026489258,-32.50000000000167,0.589200973512412,0.34715778718797397,0.00012795379362910627,0.02664804458618164,30,5,6
770,-31.67415428161621,-32.50000000000167,0.8258457183854588,0.6820211505755945,0.00012795379362910627,0.02856588363647461,30,5,6
771,-31.534069061279297,-32.00000000000168,0.46593093872238,0.21709163965871822,0.00012795379362910627,0.03181290626525879,30,5,6
772,-31.142475128173828,-32.00000000000168,0.8575248718278488,0.7353489058033684,0.00012795379362910627,0.037841081619262695,30,5,6
773,-30.88245964050293,-32.00000000000168,1.1175403594987472,1.248896455108589,0.00012795379362910627,0.07098388671875,30,5,6
774,-31.245248794555664,-32.00000000000168,0.7547512054460128,0.5696493821222095,0.00012795379362910627,0.2031259536743164,30,5,6
775,-31.545352935791016,-32.00000000000168,0.45464706421066126,0.20670395299537314,0.00012795379362910627,0.12178707122802734,30,5,6
776,-31.910154342651367,-32.50000000000167,0.5898456573503026,0.34791789949501056,0.00012795379362910627,0.043817996978759766,30,5,6
777,-31.936986923217773,-32.50000000000167,0.5630130767838963,0.31698372462966956,0.00012795379362910627,0.03888368606567383,30,5,6
778,-31.922714233398438,-32.50000000000167,0.5772857666032323,0.3332588563226816,0.00012795379362910627,0.046739816665649414,30,5,6
779,-31.973209381103516,-32.50000000000167,0.5267906188981542,0.2775083561591003,0.00012795379362910627,0.03482174873352051,30,5,6
780,-31.93729591369629,-32.50000000000167,0.5627040863053807,0.31663588874477333,0.00012795379362910627,0.037420034408569336,30,5,6
781,-31.835670471191406,-32.50000000000167,0.6643295288102635,0.44133372284926675,0.00012795379362910627,0.04168295860290527,30,5,6
782,-31.747966766357422,-32.50000000000167,0.7520332336442479,0.5655539845054239,0.00012795379362910627,0.03559398651123047,30,5,6
783,-31.508769989013672,-32.00000000000168,0.491230010988005,0.2413069236952755,0.00012795379362910627,0.0439150333404541,30,5,6
784,-31.072383880615234,-32.00000000000168,0.9276161193864425,0.8604716649455627,0.00012795379362910627,0.03982901573181152,30,5,6
785,-31.46733856201172,-32.00000000000168,0.5326614379899581,0.28372820752153,0.00012795379362910627,0.03259682655334473,30,5,6
786,-31.3084716796875,-32.00000000000168,0.6915283203141769,0.4782114177965468,0.00012795379362910627,0.03663182258605957,30,5,6
787,-31.310640335083008,-32.00000000000168,0.6893596649186691,0.4752167476167797,0.00012795379362910627,0.14613986015319824,30,5,6
788,-31.696992874145508,-32.00000000000168,0.30300712585616907,0.09181331831961628,0.00012795379362910627,0.15296316146850586,30,5,6
789,-31.849672317504883,-32.00000000000168,0.15032768249679407,0.022598412124856925,0.00012795379362910627,0.09618473052978516,30,5,6
790,-31.220291137695312,-32.00000000000168,0.7797088623063644,0.607945909959085,0.00012795379362910627,0.030968904495239258,30,5,6
791,-31.60413360595703,-32.00000000000168,0.39586639404464563,0.15671020193391064,0.00012795379362910627,0.04146099090576172,30,5,6
792,-31.69365119934082,-32.00000000000168,0.30634880066085657,0.09384958766634523,0.00012795379362910627,0.11975908279418945,30,5,6
793,-31.0733699798584,-31.50000000000168,0.426630020143282,0.1820131740874572,0.00012795379362910627,0.1579267978668213,30,5,6
794,-31.3828125,-32.00000000000168,0.6171875000016769,0.3809204101583199,0.00012795379362910627,0.030861616134643555,30,5,6
795,-31.640790939331055,-32.00000000000168,0.3592090606706222,0.12903114926787074,0.00012795379362910627,0.04517483711242676,30,5,6
796,-31.336151123046875,-32.00000000000168,0.6638488769548019,0.4406953314341517,0.00012795379362910627,0.024247169494628906,30,5,6
797,-31.626983642578125,-32.00000000000168,0.3730163574235519,0.139141202905535,0.00012795379362910627,0.028508901596069336,30,5,6
798,-31.504898071289062,-32.00000000000168,0.4951019287126144,0.2451259198149507,0.00012795379362910627,0.030129194259643555,30,5,6
799,-31.253673553466797,-32.00000000000168,0.74632644653488,0.5570031647973811,0.00012795379362910627,0.0359189510345459,30,5,6
800,-31.679027557373047,-32.00000000000168,0.32097244262863,0.10302330892698917,0.00012795379362910627,0.06380987167358398,30,5,6
801,-31.523622512817383,-32.00000000000168,0.47637748718429407,0.22693551029602227,0.00012795379362910627,0.03512716293334961,30,5,6
802,-31.292728424072266,-32.00000000000168,0.7072715759294113,0.5002330821176729,0.00012795379362910627,0.06228780746459961,30,5,6
803,-31.639616012573242,-32.00000000000168,0.3603839874284347,0.12987661839481818,0.00012795379362910627,0.031514883041381836,30,5,6
804,-31.521085739135742,-32.00000000000168,0.4789142608659347,0.22935886926076454,0.00012795379362910627,0.061086177825927734,30,5,6
805,-31.246381759643555,-31.50000000000168,0.25361824035812575,0.06432221184235204,0.00012795379362910627,0.029265880584716797,30,5,6
806,-31.357471466064453,-32.00000000000168,0.6425285339372238,0.4128429169235181,0.00012795379362910627,0.0300750732421875,30,5,6
807,-31.412809371948242,-32.00000000000168,0.5871906280534347,0.3447928336737871,0.00012795379362910627,0.023832082748413086,30,5,6
808,-31.357181549072266,-32.00000000000168,0.6428184509294113,0.41321556085528793,0.00012795379362910627,0.0742800235748291,30,5,6
809,-31.409759521484375,-32.00000000000168,0.5902404785173019,0.3483838224803335,0.00012795379362910627,0.04903888702392578,30,5,6
810,-31.44265365600586,-32.00000000000168,0.5573463439958175,0.31063494716550416,0.00012795379362910627,0.02996206283569336,30,5,6
811,-31.340383529663086,-32.00000000000168,0.6596164703385909,0.4350938879419412,0.00012795379362910627,0.11431074142456055,30,5,6
812,-31.25868034362793,-32.00000000000168,0.7413196563737472,0.5495548329260906,0.00012795379362910627,0.031225919723510742,30,5,6
813,-31.05169105529785,-32.00000000000168,0.9483089447038253,0.8992898546052829,0.00012795379362910627,0.026729822158813477,30,5,6
814,-31.287609100341797,-32.00000000000168,0.71239089965988,0.5075007939182132,0.00012795379362910627,0.07286500930786133,30,5,6
815,-31.087488174438477,-31.50000000000168,0.41251182556320387,0.17016600622948713,0.00012795379362910627,0.05115532875061035,30,5,6
816,-31.22650909423828,-31.50000000000168,0.2734909057633992,0.0747972755352845,0.00012795379362910627,0.04599499702453613,30,5,6
817,-30.83286476135254,-31.50000000000168,0.6671352386491414,0.4450694266474468,0.00012795379362910627,0.026568889617919922,30,5,6
818,-31.318052291870117,-32.00000000000168,0.6819477081315597,0.46505267662588695,0.00012795379362910627,0.028613805770874023,30,5,6
819,-25.564706802368164,-31.000000000001684,5.43529319763352,29.542412144241215,0.00012795379362910627,0.04501080513000488,30,5,6
820,-23.507898330688477,-23.50000000000177,0.007898330686707311,6.238362763658238e-05,0.00012795379362910627,0.029224872589111328,30,5,6
821,-23.457778930664062,-23.50000000000177,0.04222106933770675,0.0017826186960194412,0.00012795379362910627,0.06042122840881348,30,5,6
822,-23.3968563079834,-23.50000000000177,0.10314369201837081,0.01063862120318053,0.00012795379362910627,0.03993487358093262,30,5,6
823,-23.72446632385254,-23.50000000000177,0.2244663238507698,0.05038513054307867,0.00012795379362910627,0.03705596923828125,30,5,6
824,-23.891651153564453,-23.50000000000177,0.3916511535626839,0.15339062608698098,0.00012795379362910627,0.040654897689819336,30,5,6
825,-23.862186431884766,-23.50000000000177,0.3621864318829964,0.13117901144013638,0.00012795379362910627,0.02337503433227539,30,5,6
826,-24.11056137084961,-24.000000000001766,0.11056137084784368,0.012223816723754418,0.00012795379362910627,0.030460119247436523,30,5,6
827,-24.35198211669922,-24.000000000001766,0.35198211669745305,0.12389141047481946,0.00012795379362910627,0.04972219467163086,30,5,6
828,-24.608428955078125,-24.000000000001766,0.6084289550763593,0.37018579337531043,0.00012795379362910627,0.026183128356933594,30,5,6
829,-24.906665802001953,-24.50000000000176,0.40666580200019453,0.16537707451646141,0.00012795379362910627,0.03791689872741699,30,5,6
830,-25.19845199584961,-25.00000000000175,0.1984519958478579,0.039383194655998204,0.00012795379362910627,0.022748231887817383,30,5,6
831,-25.413379669189453,-25.00000000000175,0.41337966918770164,0.17088275089773364,0.00012795379362910627,0.038513898849487305,30,5,6
832,-25.505903244018555,-25.00000000000175,0.5059032440168032,0.2559380923067251,0.00012795379362910627,0.029799938201904297,30,5,6
833,-25.673175811767578,-25.500000000001748,0.1731758117658302,0.02998986178075425,0.00012795379362910627,0.027088165283203125,30,5,6
834,-25.773344039916992,-25.500000000001748,0.27334403991524425,0.07471696415718665,0.00012795379362910627,0.03501105308532715,30,5,6
835,-25.892173767089844,-25.500000000001748,0.3921737670880958,0.15380026359206803,0.00012795379362910627,0.025818824768066406,30,5,6
836,-25.91098976135254,-25.500000000001748,0.4109897613507911,0.16891258393518024,0.00012795379362910627,0.047205209732055664,30,5,6
837,-25.940210342407227,-25.500000000001748,0.4402103424054786,0.19378514556074874,0.00012795379362910627,0.03603792190551758,30,5,6
838,-25.939794540405273,-25.500000000001748,0.4397945404035255,0.19341923776874823,0.00012795379362910627,0.02238011360168457,30,5,6
839,-25.99443244934082,-25.500000000001748,0.4944324493390724,0.24446344695943437,0.00012795379362910627,0.03287696838378906,30,5,6
840,-25.789989471435547,-25.00000000000175,0.7899894714337954,0.6240833649762474,0.00012795379362910627,0.033478736877441406,30,5,6
841,-25.769832611083984,-25.00000000000175,0.7698326110822329,0.5926422490856884,0.00012795379362910627,0.03168678283691406,30,5,6
842,-25.617855072021484,-25.00000000000175,0.6178550720197329,0.3817448900205093,0.00012795379362910627,0.03124213218688965,30,5,6
843,-25.60637664794922,-25.00000000000175,0.6063766479474673,0.36769263917600664,0.00012795379362910627,0.0459139347076416,30,5,6
844,-25.496973037719727,-25.00000000000175,0.4969730377179751,0.24698220021863188,0.00012795379362910627,0.03109288215637207,30,5,6
845,-25.59125328063965,-25.00000000000175,0.591253280637897,0.34958044186507575,0.00012795379362910627,0.04321599006652832,30,5,6
846,-25.45044708251953,-25.00000000000175,0.45044708251777976,0.2029025741487795,0.00012795379362910627,0.035572052001953125,30,5,6
847,-25.364397048950195,-25.00000000000175,0.3643970489484438,0.13278520928233456,0.00012795379362910627,0.03194999694824219,30,5,6
848,-25.31271743774414,-25.00000000000175,0.31271743774238914,0.09779219586816502,0.00012795379362910627,0.05255293846130371,30,5,6
849,-25.104005813598633,-25.00000000000175,0.10400581359688132,0.010817209261949224,0.00012795379362910627,0.02471780776977539,30,5,6
850,-25.038684844970703,-25.00000000000175,0.03868484496895164,0.0014965172302718228,0.00012795379362910627,0.10236001014709473,30,5,6
851,-24.97366714477539,-24.50000000000176,0.47366714477363203,0.2243605640380049,0.00012795379362910627,0.04594588279724121,30,5,6
852,-25.00737953186035,-24.50000000000176,0.507379531858593,0.25743398934904493,0.00012795379362910627,0.03553605079650879,30,5,6
853,-24.728933334350586,-24.50000000000176,0.22893333434882734,0.05241047157607197,0.00012795379362910627,0.030030012130737305,30,5,6
854,-24.724014282226562,-24.50000000000176,0.2240142822248039,0.0501823986406941,0.00012795379362910627,0.03211092948913574,30,5,6
855,-24.41476058959961,-24.000000000001766,0.4147605895978437,0.1720263466835509,0.00012795379362910627,0.030983924865722656,30,5,6
856,-24.409420013427734,-24.50000000000176,0.09057998657402422,0.008204733967750408,0.00012795379362910627,0.033762216567993164,30,5,6
857,-24.169967651367188,-24.000000000001766,0.1699676513654218,0.02888900251067757,0.00012795379362910627,0.02568817138671875,30,5,6
858,-24.483922958374023,-24.50000000000176,0.016077041627735156,0.0002584712674999291,0.00012795379362910627,0.0332341194152832,30,5,6
859,-24.479248046875,-24.50000000000176,0.020751953126758593,0.00043064355857518576,0.00012795379362910627,0.025506019592285156,30,5,6
860,-24.794845581054688,-24.50000000000176,0.2948455810529289,0.08693391666643926,0.00012795379362910627,0.031050920486450195,30,5,6
861,-24.93024444580078,-25.00000000000175,0.06975555420097024,0.004865837341884497,0.00012795379362910627,0.02884364128112793,30,5,6
862,-25.230066299438477,-25.00000000000175,0.23006629943672507,0.05293050213650884,0.00012795379362910627,0.024391889572143555,30,5,6
863,-25.309144973754883,-25.00000000000175,0.3091449737531313,0.09557061479682426,0.00012795379362910627,0.024459123611450195,30,5,6
864,-25.519834518432617,-25.500000000001748,0.019834518430869252,0.00039340812138449207,0.00012795379362910627,0.028527021408081055,30,5,6
865,-25.642925262451172,-25.500000000001748,0.14292526244942394,0.020427630646236712,0.00012795379362910627,0.03404426574707031,30,5,6
866,-25.724266052246094,-25.500000000001748,0.22426605224434581,0.05029526218926365,0.00012795379362910627,0.02571272850036621,30,5,6
867,-25.745393753051758,-25.500000000001748,0.24539375305000988,0.060218094035969234,0.00012795379362910627,0.030908823013305664,30,5,6
868,-25.833358764648438,-25.500000000001748,0.33335876464668956,0.11112806596676697,0.00012795379362910627,0.04264378547668457,30,5,6
869,-25.906030654907227,-25.500000000001748,0.4060306549054786,0.16486089272297189,0.00012795379362910627,0.0243680477142334,30,5,6
870,-25.848766326904297,-25.500000000001748,0.34876632690254894,0.12163795078109563,0.00012795379362910627,0.024957895278930664,30,5,6
871,-25.7912654876709,-25.500000000001748,0.2912654876691505,0.08483558430714806,0.00012795379362910627,0.030672073364257812,30,5,6
872,-25.833471298217773,-25.500000000001748,0.3334712982160255,0.11120310673388141,0.00012795379362910627,0.05499982833862305,30,5,6
873,-25.62544822692871,-25.500000000001748,0.125448226926963,0.015737257639118804,0.00012795379362910627,0.03571319580078125,30,5,6
874,-25.44747543334961,-25.500000000001748,0.05252456665213856,0.0027588301019949462,0.00012795379362910627,0.03370404243469238,30,5,6
875,-25.320531845092773,-25.00000000000175,0.32053184509102195,0.1027406637174549,0.00012795379362910627,0.02681899070739746,30,5,6
876,-25.23529624938965,-25.00000000000175,0.23529624938789695,0.055364324976011396,0.00012795379362910627,0.03606605529785156,30,5,6
877,-24.998781204223633,-25.00000000000175,0.0012187957781186753,1.4854631487599073e-06,0.00012795379362910627,0.044532060623168945,30,5,6
878,-24.95281982421875,-24.50000000000176,0.4528198242169914,0.205045793203907,0.00012795379362910627,0.029626131057739258,30,5,6
879,-24.858570098876953,-24.50000000000176,0.35857009887519453,0.12857251580736678,0.00012795379362910627,0.035109758377075195,30,5,6
880,-24.630970001220703,-24.50000000000176,0.13097000121894453,0.017153141219290333,0.00012795379362910627,0.027855873107910156,30,5,6
881,-24.462614059448242,-24.50000000000176,0.037385940553516406,0.0013977085510710626,0.00012795379362910627,0.025332927703857422,30,5,6
882,-24.31570816040039,-24.000000000001766,0.3157081603986249,0.09967164254228389,0.00012795379362910627,0.026473045349121094,30,5,6
883,-24.11024284362793,-24.000000000001766,0.11024284362616399,0.012153484570782845,0.00012795379362910627,0.024386167526245117,30,5,6
884,-23.753658294677734,-24.000000000001766,0.24634170532403132,0.06068423578195188,0.00012795379362910627,0.025037050247192383,30,5,6
885,-23.559497833251953,-23.50000000000177,0.059497833250183874,0.0035399921614666856,0.00012795379362910627,0.033998966217041016,30,5,6
886,-23.293535232543945,-23.50000000000177,0.20646476745782394,0.042627700201413314,0.00012795379362910627,0.028018951416015625,30,5,6
887,-23.057645797729492,-23.50000000000177,0.44235420227227706,0.19567724026794261,0.00012795379362910627,0.027203083038330078,30,5,6
888,-23.285415649414062,-23.50000000000177,0.21458435058770675,0.046046443517147845,0.00012795379362910627,0.0424649715423584,30,5,6
889,-23.71023178100586,-24.000000000001766,0.2897682189959063,0.08396562074005953,0.00012795379362910627,0.022001266479492188,30,5,6
890,-23.957653045654297,-24.000000000001766,0.042346954347468824,0.0017932645425066088,0.00012795379362910627,0.037548065185546875,30,5,6
891,-24.275434494018555,-24.000000000001766,0.275434494016789,0.07586416049428457,0.00012795379362910627,0.046572208404541016,30,5,6
892,-24.570396423339844,-24.50000000000176,0.07039642333808516,0.004955656418794901,0.00012795379362910627,0.020336151123046875,30,5,6
893,-24.755638122558594,-24.50000000000176,0.25563812255683516,0.06535084970438347,0.00012795379362910627,0.032103776931762695,30,5,6
894,-24.803096771240234,-24.50000000000176,0.3030967712384758,0.09186765273518892,0.00012795379362910627,0.03930211067199707,30,5,6
895,-24.895353317260742,-24.50000000000176,0.3953533172589836,0.15630424546768254,0.00012795379362910627,0.024991989135742188,30,5,6
896,-24.858016967773438,-24.50000000000176,0.3580169677716789,0.12817614921242737,0.00012795379362910627,0.03388500213623047,30,5,6
897,-24.81990623474121,-24.50000000000176,0.31990623473945234,0.10233999902517359,0.00012795379362910627,0.06760811805725098,30,5,6
898,-24.783414840698242,-24.50000000000176,0.2834148406964836,0.08032397192701317,0.00012795379362910627,0.028663158416748047,30,5,6
899,-24.828609466552734,-24.50000000000176,0.3286094665509758,0.10798418150691687,0.00012795379362910627,0.021134138107299805,30,5,6
900,-24.80083656311035,-24.50000000000176,0.30083656310859297,0.09050263770299044,0.00012795379362910627,0.025020122528076172,30,5,6
901,-24.834918975830078,-24.50000000000176,0.33491897582831953,0.11217072036989048,0.00012795379362910627,0.03480386734008789,30,5,6
902,-24.813549041748047,-24.50000000000176,0.3135490417462883,0.09831300158001563,0.00012795379362910627,0.023468017578125,30,5,6
903,-24.75535774230957,-24.50000000000176,0.2553577423078117,0.06520757655654277,0.00012795379362910627,0.025107860565185547,30,5,6
904,-24.626968383789062,-24.50000000000176,0.1269683837873039,0.0161209704815601,0.00012795379362910627,0.02181410789489746,30,5,6
905,-24.54058074951172,-24.50000000000176,0.04058074950996016,0.0016467972307901316,0.00012795379362910627,0.046753883361816406,30,5,6
906,-24.50481605529785,-24.50000000000176,0.004816055296092969,2.3194388615025138e-05,0.00012795379362910627,0.038652896881103516,30,5,6
907,-24.510255813598633,-24.50000000000176,0.01025581359687422,0.00010518171253383011,0.00012795379362910627,0.026036977767944336,30,5,6
908,-24.496017456054688,-24.50000000000176,0.003982543947071093,1.5860656290352603e-05,0.00012795379362910627,0.032221078872680664,30,5,6
909,-24.531402587890625,-24.50000000000176,0.03140258788886641,0.0009861225261179791,0.00012795379362910627,0.027324914932250977,30,5,6
910,-24.549179077148438,-24.50000000000176,0.04917907714667891,0.0024185816289989956,0.00012795379362910627,0.03254389762878418,30,5,6
911,-24.46849250793457,-37.00000000000162,12.53150749206705,157.0386800237326,0.00012795379362910627,0.026249170303344727,30,5,6
912,-24.348400115966797,-37.00000000000162,12.651599884034823,160.06297962570994,0.00012795379362910627,0.02997112274169922,30,5,6
913,-25.117464065551758,-37.00000000000162,11.882535934449862,141.19466023349227,0.00012795379362910627,0.02562689781188965,30,5,6
914,-33.210182189941406,-36.50000000000162,3.289817810060214,10.822901223389382,0.00012795379362910627,0.028310775756835938,30,5,6
