slice,gnn_doa,music_doa,abs_error,squared_error,gnn_infer_time,music_time,grouping
500,-33.797698974609375,-34.00000000000165,0.20230102539227346,0.04092570487476527,0.0001312267349427005,0.21930527687072754,0
501,-33.773460388183594,-34.00000000000165,0.2265396118180547,0.05132019572267491,0.0001312267349427005,0.20365309715270996,0
502,-33.714385986328125,-34.00000000000165,0.28561401367352346,0.08157536480669965,0.0001312267349427005,0.20907282829284668,0
503,-33.685001373291016,-34.00000000000165,0.31499862671063283,0.09922413482958461,0.0001312267349427005,0.2127540111541748,0
504,-33.675392150878906,-34.00000000000165,0.3246078491227422,0.10537025571209296,0.0001312267349427005,0.21436381340026855,0
505,-33.609493255615234,-34.00000000000165,0.3905067443864141,0.15249551741127615,0.0001312267349427005,0.20524382591247559,0
506,-33.58894729614258,-34.00000000000165,0.41105270385907033,0.16896432534985256,0.0001312267349427005,0.21296191215515137,0
507,-33.67754364013672,-34.00000000000165,0.3224563598649297,0.10397810401734105,0.0001312267349427005,0.2678389549255371,0
508,-33.86859893798828,-34.00000000000165,0.1314010620133672,0.017266239098240776,0.0001312267349427005,0.2167208194732666,0
509,-34.024173736572266,-34.00000000000165,0.024173736570617166,0.0005843695397855938,0.0001312267349427005,0.21451282501220703,0
510,-34.132869720458984,-34.00000000000165,0.13286972045733592,0.01765436261441059,0.0001312267349427005,0.22983193397521973,0
511,-34.20127487182617,-34.50000000000165,0.2987251281754766,0.08923670220345492,0.0001312267349427005,0.1963958740234375,0
512,-34.207759857177734,-34.50000000000165,0.2922401428239141,0.0854043010777417,0.0001312267349427005,0.2273869514465332,0
513,-34.21174240112305,-34.50000000000165,0.2882575988786016,0.08309244331125677,0.0001312267349427005,0.20370984077453613,0
514,-34.2069091796875,-34.50000000000165,0.29309082031414846,0.08590222895242046,0.0001312267349427005,0.193925142288208,0
515,-34.1588020324707,-34.00000000000165,0.15880203246905467,0.025218085516302693,0.0001312267349427005,0.2263951301574707,0
516,-34.173213958740234,-34.50000000000165,0.3267860412614141,0.10678911676330663,0.0001312267349427005,0.22217917442321777,0
517,-34.18705749511719,-34.00000000000165,0.18705749511553904,0.03499050647889991,0.0001312267349427005,0.31146979331970215,0
518,-34.162357330322266,-34.00000000000165,0.16235733032061717,0.026359902708837993,0.0001312267349427005,0.20586204528808594,0
519,-34.17303466796875,-34.00000000000165,0.17303466796710154,0.029940996318485076,0.0001312267349427005,0.21115493774414062,0
520,-34.18846893310547,-34.00000000000165,0.1884689331038203,0.03552053874529229,0.0001312267349427005,0.20977091789245605,0
521,-34.114418029785156,-34.00000000000165,0.11441802978350779,0.013091485539539675,0.0001312267349427005,0.21571588516235352,0
522,-34.11311721801758,-34.00000000000165,0.11311721801592967,0.012795505011663363,0.0001312267349427005,0.18561911582946777,0
523,-34.13733673095703,-34.00000000000165,0.1373367309553828,0.0188613776695112,0.0001312267349427005,0.21348094940185547,0
524,-34.157230377197266,-34.00000000000165,0.15723037719561717,0.02472139151307605,0.0001312267349427005,0.1871030330657959,0
525,-34.146575927734375,-34.00000000000165,0.14657592773272654,0.021484502590709473,0.0001312267349427005,0.2155318260192871,0
526,-34.186248779296875,-34.00000000000165,0.18624877929522654,0.03468860778896201,0.0001312267349427005,0.23351192474365234,0
527,-34.13240432739258,-34.00000000000165,0.13240432739092967,0.017530905911844488,0.0001312267349427005,0.21230816841125488,0
528,-34.19643783569336,-34.50000000000165,0.3035621643082891,0.0921499875995327,0.0001312267349427005,0.20187091827392578,0
529,-34.126869201660156,-34.50000000000165,0.3731307983414922,0.13922659267095933,0.0001312267349427005,0.1958761215209961,0
530,-34.09800338745117,-34.50000000000165,0.4019966125504766,0.161601276502058,0.0001312267349427005,0.33898282051086426,0
531,-34.10917663574219,-34.50000000000165,0.39082336425946096,0.15274290205108332,0.0001312267349427005,0.22838306427001953,0
532,-34.28915786743164,-34.50000000000165,0.21084213257000783,0.04445440486666876,0.0001312267349427005,0.3334629535675049,0
533,-34.19281005859375,-34.50000000000165,0.30718994140789846,0.0943656601021881,0.0001312267349427005,0.2114861011505127,0
534,-34.20185470581055,-34.50000000000165,0.2981452941911016,0.08889061644829852,0.0001312267349427005,0.2569141387939453,0
535,-34.257347106933594,-34.50000000000165,0.2426528930680547,0.05888042651429679,0.0001312267349427005,0.19333791732788086,0
536,-34.33594512939453,-34.50000000000165,0.1640548706071172,0.02691400056991797,0.0001312267349427005,0.20476531982421875,0
537,-34.22297668457031,-34.50000000000165,0.27702331543133596,0.07674191729256946,0.0001312267349427005,0.2051398754119873,0
538,-34.24012756347656,-34.50000000000165,0.25987243652508596,0.06753368326548483,0.0001312267349427005,0.22628402709960938,0
539,-34.25537872314453,-34.50000000000165,0.2446212768571172,0.059839569091206385,0.0001312267349427005,0.19716596603393555,0
540,-34.20104217529297,-34.00000000000165,0.2010421752913203,0.04041795624586596,0.0001312267349427005,0.21019506454467773,0
541,-34.15330505371094,-34.00000000000165,0.15330505370928904,0.023502439492807996,0.0001312267349427005,0.22302889823913574,0
542,-34.17372512817383,-34.00000000000165,0.17372512817217967,0.030180420158440253,0.0001312267349427005,0.30585193634033203,0
543,-34.13132858276367,-34.00000000000165,0.13132858276202342,0.017247196650281633,0.0001312267349427005,0.251920223236084,0
544,-34.15963363647461,-34.00000000000165,0.15963363647296092,0.02548289789358144,0.0001312267349427005,0.2234959602355957,0
545,-34.19948196411133,-34.00000000000165,0.19948196410967967,0.03979305400505553,0.0001312267349427005,0.21071100234985352,0
546,-34.14202880859375,-34.00000000000165,0.14202880859210154,0.020172182470091816,0.0001312267349427005,0.22890520095825195,0
547,-34.06692123413086,-34.00000000000165,0.06692123412921092,0.0044784515773766635,0.0001312267349427005,0.2142641544342041,0
548,-33.9581184387207,-34.00000000000165,0.041881561280945334,0.0017540651753295794,0.0001312267349427005,0.20626401901245117,0
549,-33.6930046081543,-33.500000000001656,0.1930046081526413,0.037250778768154615,0.0001312267349427005,0.20196032524108887,0
550,-33.49319839477539,-33.500000000001656,0.00680160522626494,4.626183365395454e-05,0.0001312267349427005,0.20692992210388184,0
551,-33.46146774291992,-33.500000000001656,0.03853225708173369,0.001484734835812816,0.0001312267349427005,0.21053600311279297,0
552,-33.524566650390625,-33.500000000001656,0.024566650388969435,0.0006035203113338521,0.0001312267349427005,0.22086477279663086,0
553,-33.731048583984375,-34.00000000000165,0.26895141601727346,0.0723348641776965,0.0001312267349427005,0.246506929397583,0
554,-33.93144607543945,-34.00000000000165,0.06855392456219533,0.004699640572879168,0.0001312267349427005,0.20485687255859375,0
555,-33.99260711669922,-34.00000000000165,0.007392883302429709,5.4654723523344e-05,0.0001312267349427005,0.21855998039245605,0
556,-33.94496154785156,-34.00000000000165,0.05503845215008596,0.0030292312150773017,0.0001312267349427005,0.19898104667663574,0
557,-33.84046173095703,-34.00000000000165,0.1595382690446172,0.025452459289752666,0.0001312267349427005,0.20699501037597656,0
558,-33.72543716430664,-34.00000000000165,0.27456283569500783,0.07538475074488386,0.0001312267349427005,0.21715903282165527,0
559,-33.647117614746094,-34.00000000000165,0.3528823852555547,0.12452597782364974,0.0001312267349427005,0.21461987495422363,0
560,-33.474517822265625,-33.500000000001656,0.025482177736030565,0.0006493413821706518,0.0001312267349427005,0.18729877471923828,0
561,-33.381690979003906,-33.500000000001656,0.11830902099774931,0.013997024449445889,0.0001312267349427005,0.29253721237182617,0
562,-33.32542419433594,-33.500000000001656,0.17457580566571806,0.03047671192383456,0.0001312267349427005,0.25310683250427246,0
563,-33.29179382324219,-33.500000000001656,0.20820617675946806,0.04334981204079486,0.0001312267349427005,0.3397359848022461,0
564,-33.314029693603516,-33.500000000001656,0.18597030639813994,0.03458495486181805,0.0001312267349427005,0.250136137008667,0
565,-33.438350677490234,-33.500000000001656,0.06164932251142119,0.0038006389661172234,0.0001312267349427005,0.23375892639160156,0
566,-33.63505554199219,-33.500000000001656,0.13505554199053194,0.018239999422356334,0.0001312267349427005,0.21316194534301758,0
567,-33.78776168823242,-33.500000000001656,0.2877616882307663,0.08280678921342075,0.0001312267349427005,0.22137212753295898,0
568,-33.884952545166016,-34.00000000000165,0.11504745483563283,0.013235916864156977,0.0001312267349427005,0.26770997047424316,0
569,-33.969947814941406,-34.00000000000165,0.03005218506024221,0.000903133826895045,0.0001312267349427005,0.3419661521911621,0
570,-34.001163482666016,-34.00000000000165,0.0011634826643671659,1.353691910282919e-06,0.0001312267349427005,0.20624423027038574,0
571,-33.896183013916016,-34.00000000000165,0.10381698608563283,0.010777966599904482,0.0001312267349427005,0.24441170692443848,0
572,-33.75396728515625,-33.500000000001656,0.25396728515459444,0.06449938192879508,0.0001312267349427005,0.298659086227417,0
573,-33.580955505371094,-33.500000000001656,0.08095550536943819,0.006553793849621135,0.0001312267349427005,0.224013090133667,0
574,-33.43178176879883,-33.500000000001656,0.06821823120282744,0.004653727068442419,0.0001312267349427005,0.20389914512634277,0
575,-33.32138442993164,-33.500000000001656,0.17861557007001494,0.03190352187143641,0.0001312267349427005,0.21239995956420898,0
576,-33.19306182861328,-33.500000000001656,0.3069381713883743,0.09421104105523904,0.0001312267349427005,0.19918513298034668,0
577,-33.221187591552734,-33.500000000001656,0.2788124084489212,0.07773635910508805,0.0001312267349427005,0.2218458652496338,0
578,-33.4225959777832,-33.500000000001656,0.07740402221845244,0.005991382655594679,0.0001312267349427005,0.24350404739379883,0
579,-33.59318542480469,-33.500000000001656,0.09318542480303194,0.00868352339572152,0.0001312267349427005,0.22089338302612305,0
580,-33.761104583740234,-34.00000000000165,0.23889541626141408,0.05707101991071431,0.0001312267349427005,0.21749401092529297,0
581,-33.938045501708984,-34.00000000000165,0.061954498292664084,0.003838359858695717,0.0001312267349427005,0.22116780281066895,0
582,-33.98715591430664,-34.00000000000165,0.012844085695007834,0.00016497053734070488,0.0001312267349427005,0.19131994247436523,0
583,-33.966922760009766,-34.00000000000165,0.033077239991882834,0.0010941038054806131,0.0001312267349427005,0.18110418319702148,0
584,-33.930721282958984,-34.00000000000165,0.06927871704266408,0.004799540635077515,0.0001312267349427005,0.23566102981567383,0
585,-33.80064392089844,-33.500000000001656,0.30064392089678194,0.09038676717219048,0.0001312267349427005,0.1990950107574463,0
586,-33.666996002197266,-33.500000000001656,0.16699600219561006,0.0278876647493162,0.0001312267349427005,0.21709799766540527,0
587,-33.598392486572266,-33.500000000001656,0.09839248657061006,0.009681081413547682,0.0001312267349427005,0.2197401523590088,0
588,-33.510032653808594,-33.500000000001656,0.010032653806938185,0.00010065414240987126,0.0001312267349427005,0.20338892936706543,0
589,-33.37306594848633,-33.500000000001656,0.12693405151532744,0.0161122534340958,0.0001312267349427005,0.20012712478637695,0
590,-33.35855484008789,-33.500000000001656,0.14144515991376494,0.020006733263030537,0.0001312267349427005,0.2024078369140625,0
591,-33.32585525512695,-33.500000000001656,0.17414474487470244,0.0303263921674752,0.0001312267349427005,0.21866703033447266,0
592,-33.29022216796875,-33.500000000001656,0.20977783203290556,0.04400673881242594,0.0001312267349427005,0.22332024574279785,0
593,-33.288414001464844,-33.500000000001656,0.21158599853681181,0.04476863477681973,0.0001312267349427005,0.18083977699279785,0
594,-33.36232376098633,-33.500000000001656,0.13767623901532744,0.01895474678940557,0.0001312267349427005,0.19891667366027832,0
595,-33.49150466918945,-33.500000000001656,0.00849533081220244,7.217064560875616e-05,0.0001312267349427005,0.19814109802246094,0
596,-33.599510192871094,-33.500000000001656,0.09951019286943819,0.009902278484912786,0.0001312267349427005,0.2335059642791748,0
597,-33.714725494384766,-33.500000000001656,0.21472549438311006,0.04610703793807103,0.0001312267349427005,0.27338218688964844,0
598,-33.84463882446289,-34.00000000000165,0.15536117553875783,0.024137094864784724,0.0001312267349427005,0.22188997268676758,0
599,-33.94057846069336,-34.00000000000165,0.059421539308289084,0.0035309193337665448,0.0001312267349427005,0.19097304344177246,0
600,-33.96935272216797,-34.00000000000165,0.03064727783367971,0.0009392556386147556,0.0001312267349427005,0.19575214385986328,0
601,-34.02341842651367,-34.00000000000165,0.023418426512023416,0.0005484227002990412,0.0001312267349427005,0.2108478546142578,0
602,-34.02055740356445,-34.00000000000165,0.020557403562804666,0.00042260684124401397,0.0001312267349427005,0.20034217834472656,0
603,-33.99410629272461,-34.00000000000165,0.005893707277039084,3.4735785467423456e-05,0.0001312267349427005,0.2181100845336914,0
604,-33.937618255615234,-34.00000000000165,0.062381744386414084,0.003891482032691905,0.0001312267349427005,0.19825291633605957,0
605,-33.77479934692383,-33.500000000001656,0.27479934692217256,0.07551468106885255,0.0001312267349427005,0.2108609676361084,0
606,-33.53673553466797,-33.500000000001656,0.036735534666313185,0.001349499507219898,0.0001312267349427005,0.25625109672546387,0
607,-33.162078857421875,-33.500000000001656,0.33792114257978056,0.11419069860242438,0.0001312267349427005,0.2686119079589844,0
608,-32.70779037475586,-33.00000000000166,0.2922096252458033,0.0853864650862928,0.0001312267349427005,0.3217780590057373,0
609,-32.26240539550781,-33.00000000000166,0.7375946044938502,0.5440458005784392,0.0001312267349427005,0.22968816757202148,0
610,-32.14180374145508,-33.00000000000166,0.8581962585465845,0.7365008181833562,0.0001312267349427005,0.2073678970336914,0
611,-32.20029830932617,-33.00000000000166,0.7997016906754908,0.6395227940692384,0.0001312267349427005,0.23998689651489258,0
612,-32.425052642822266,-33.00000000000166,0.574947357179397,0.3305644635275732,0.0001312267349427005,0.32376790046691895,0
613,-32.74327087402344,-33.00000000000166,0.25672912597822517,0.0659098441255434,0.0001312267349427005,0.19902420043945312,0
614,-32.95050048828125,-33.00000000000166,0.04949951172041267,0.0024502016605592713,0.0001312267349427005,0.28249335289001465,0
615,-33.093746185302734,-33.500000000001656,0.4062538146989212,0.16504216195742538,0.0001312267349427005,0.30460619926452637,0
616,-33.1773796081543,-33.500000000001656,0.3226203918473587,0.10408391723574327,0.0001312267349427005,0.2230379581451416,0
617,-33.240318298339844,-33.500000000001656,0.2596817016618118,0.06743458617797424,0.0001312267349427005,0.17945504188537598,0
618,-33.26812744140625,-33.500000000001656,0.23187255859540556,0.05376488342957979,0.0001312267349427005,0.2184581756591797,0
619,-33.21217727661133,-33.500000000001656,0.28782272339032744,0.08284192009982494,0.0001312267349427005,0.2047290802001953,0
620,-33.172576904296875,-33.500000000001656,0.32742309570478056,0.1072058836009019,0.0001312267349427005,0.19676995277404785,0
621,-33.16975784301758,-33.500000000001656,0.33024215698407744,0.10905988224949605,0.0001312267349427005,0.2096712589263916,0
622,-33.23996353149414,-33.500000000001656,0.26003646850751494,0.06761896495385981,0.0001312267349427005,0.19590497016906738,0
623,-33.20624542236328,-33.500000000001656,0.2937545776383743,0.08629175188349968,0.0001312267349427005,0.17933106422424316,0
624,-33.34003829956055,-33.500000000001656,0.1599617004411087,0.02558774560801099,0.0001312267349427005,0.21953415870666504,0
625,-33.32610321044922,-33.500000000001656,0.17389678955243681,0.0302400934166445,0.0001312267349427005,0.23101305961608887,0
626,-33.36113739013672,-33.500000000001656,0.13886260986493681,0.019282824418501647,0.0001312267349427005,0.2137768268585205,0
627,-33.3010368347168,-33.00000000000166,0.3010368347151342,0.09062317585530703,0.0001312267349427005,0.19853901863098145,0
628,-33.139041900634766,-33.00000000000166,0.13904190063310295,0.019332650131665675,0.0001312267349427005,0.22249913215637207,0
629,-32.98977279663086,-33.00000000000166,0.010227203370803295,0.00010459568878777028,0.0001312267349427005,0.197890043258667,0
630,-32.79191589355469,-33.00000000000166,0.20808410644697517,0.0432989953558361,0.0001312267349427005,0.23526597023010254,0
631,-32.48204040527344,-32.50000000000167,0.017959594728232275,0.00032254704280234854,0.0001312267349427005,0.1710829734802246,0
632,-32.35435104370117,-32.50000000000167,0.1456489563004979,0.021213618471424348,0.0001312267349427005,0.22084903717041016,0
633,-32.44438934326172,-33.00000000000166,0.5556106567399439,0.3087032018829918,0.0001312267349427005,0.189072847366333,0
634,-32.57267761230469,-33.00000000000166,0.42732238769697517,0.18260442302704397,0.0001312267349427005,0.2514638900756836,0
635,-32.8901252746582,-33.500000000001656,0.6098747253434524,0.37194718061275156,0.0001312267349427005,0.21165895462036133,0
636,-33.328033447265625,-33.500000000001656,0.17196655273603056,0.02957249525991398,0.0001312267349427005,0.19786500930786133,0
637,-33.52555847167969,-33.500000000001656,0.025558471678031935,0.0006532354745167606,0.0001312267349427005,0.21683216094970703,0
638,-33.62960433959961,-33.500000000001656,0.1296043395979538,0.01679728484262174,0.0001312267349427005,0.19407987594604492,0
639,-33.54659652709961,-33.500000000001656,0.04659652709795381,0.0021712363375903437,0.0001312267349427005,0.1985940933227539,0
640,-33.40449142456055,-33.500000000001656,0.09550857544110869,0.00912188798278995,0.0001312267349427005,0.20680022239685059,0
641,-33.138336181640625,-33.00000000000166,0.13833618163896233,0.01913689915044798,0.0001312267349427005,0.22754573822021484,0
642,-33.01630783081055,-33.00000000000166,0.016307830808884205,0.00026594534569119286,0.0001312267349427005,0.18558597564697266,0
643,-33.02507400512695,-33.00000000000166,0.025074005125290455,0.000628705733023092,0.0001312267349427005,0.2078399658203125,0
644,-33.06608963012695,-33.00000000000166,0.06608963012529045,0.0043678392100977,0.0001312267349427005,0.23796510696411133,0
645,-33.03386306762695,-33.00000000000166,0.033863067625290455,0.0011467073489949944,0.0001312267349427005,0.21841692924499512,0
646,-33.075157165527344,-33.00000000000166,0.07515716552568108,0.005648599529854624,0.0001312267349427005,0.2052321434020996,0
647,-33.05097198486328,-33.00000000000166,0.05097198486161858,0.0025981432407330735,0.0001312267349427005,0.2075660228729248,0
648,-33.02908706665039,-33.00000000000166,0.029087066648727955,0.0008460574462275421,0.0001312267349427005,0.21339178085327148,0
649,-33.03233337402344,-33.00000000000166,0.03233337402177483,0.0010454470756319834,0.0001312267349427005,0.20331192016601562,0
650,-33.08232498168945,-33.00000000000166,0.08232498168779045,0.006777402609895034,0.0001312267349427005,0.1860799789428711,0
651,-32.995704650878906,-33.00000000000166,0.00429534912275642,1.8450024086364347e-05,0.0001312267349427005,0.20670604705810547,0
652,-32.79988479614258,-33.00000000000166,0.20011520385908455,0.04004609481556297,0.0001312267349427005,0.22263193130493164,0
653,-32.43050765991211,-32.50000000000167,0.0694923400895604,0.0048291853311231234,0.0001312267349427005,0.19154691696166992,0
654,-32.29441833496094,-32.50000000000167,0.20558166504073228,0.04226382100091984,0.0001312267349427005,0.18664193153381348,0
655,-32.23745346069336,-32.50000000000167,0.2625465393083104,0.06893068530277018,0.0001312267349427005,0.20671606063842773,0
656,-32.29115295410156,-32.50000000000167,0.20884704590010728,0.043617088581201516,0.0001312267349427005,0.3341522216796875,0
657,-32.530487060546875,-33.00000000000166,0.46951293945478767,0.2204424003154751,0.0001312267349427005,0.24071693420410156,0
658,-32.849029541015625,-33.00000000000166,0.15097045898603767,0.022792079486454883,0.0001312267349427005,0.19176101684570312,0
659,-33.03047561645508,-33.00000000000166,0.030475616453415455,0.0009287631982156868,0.0001312267349427005,0.18307089805603027,0
660,-33.12860870361328,-33.500000000001656,0.3713912963883743,0.13793149503303728,0.0001312267349427005,0.21485495567321777,0
661,-33.2790412902832,-33.500000000001656,0.22095870971845244,0.04882275140044333,0.0001312267349427005,0.26631975173950195,0
662,-33.42288589477539,-33.500000000001656,0.07711410522626494,0.005946585224847462,0.0001312267349427005,0.2753748893737793,0
663,-33.59677505493164,-33.500000000001656,0.09677505492998506,0.009365411256701626,0.0001312267349427005,0.22947216033935547,0
664,-33.700477600097656,-33.500000000001656,0.20047760009600069,0.04019126814025197,0.0001312267349427005,0.20442986488342285,0
665,-33.77828598022461,-33.500000000001656,0.2782859802229538,0.07744308678865024,0.0001312267349427005,0.24587202072143555,0
666,-33.78873825073242,-33.500000000001656,0.2887382507307663,0.08336977743506287,0.0001312267349427005,0.41214990615844727,0
667,-33.74433898925781,-33.500000000001656,0.24433898925615694,0.05970154167072037,0.0001312267349427005,0.22998309135437012,0
668,-33.609336853027344,-33.500000000001656,0.10933685302568819,0.01195454742956094,0.0001312267349427005,0.25739097595214844,0
669,-33.408470153808594,-33.500000000001656,0.09152984619306181,0.008377712744125552,0.0001312267349427005,0.21627593040466309,0
670,-33.085201263427734,-33.00000000000166,0.0852012634260717,0.007259255289398864,0.0001312267349427005,0.27515292167663574,0
671,-32.78155517578125,-33.00000000000166,0.21844482422041267,0.04771814122868699,0.0001312267349427005,0.21571588516235352,0
672,-32.59312438964844,-32.50000000000167,0.09312438964676772,0.008672151947083019,0.0001312267349427005,0.21929502487182617,0
673,-32.46309280395508,-32.50000000000167,0.03690719604659165,0.0013621411200215503,0.0001312267349427005,0.18537425994873047,0
674,-32.42976760864258,-32.50000000000167,0.07023239135909165,0.004932588796016612,0.0001312267349427005,0.22395706176757812,0
675,-32.58698654174805,-33.00000000000166,0.4130134582536158,0.17058011669861123,0.0001312267349427005,0.20717215538024902,0
676,-32.62702941894531,-33.00000000000166,0.37297058105635017,0.13910705433351148,0.0001312267349427005,0.1965029239654541,0
677,-32.492469787597656,-33.00000000000166,0.5075302124040064,0.25758691650285587,0.0001312267349427005,0.2112140655517578,0
678,-32.28483581542969,-33.00000000000166,0.7151641845719752,0.5114598108944982,0.0001312267349427005,0.19365596771240234,0
679,-32.217567443847656,-33.00000000000166,0.7824325561540064,0.6122007049296924,0.0001312267349427005,0.2185220718383789,0
680,-23.863435745239258,-24.000000000001766,0.1365642547625079,0.01864979567883916,0.0001312267349427005,0.21017098426818848,0
681,-24.058759689331055,-24.000000000001766,0.05875968932928899,0.0034527010900745583,0.0001312267349427005,0.19871902465820312,0
682,-24.212648391723633,-24.000000000001766,0.2126483917218671,0.04521933850189664,0.0001312267349427005,0.19809722900390625,0
683,-24.30138397216797,-24.50000000000176,0.19861602783378984,0.03944832651247278,0.0001312267349427005,0.2525050640106201,0
684,-24.481082916259766,-24.50000000000176,0.01891708374199297,0.00035785605730157466,0.0001312267349427005,0.19052505493164062,0
685,-24.573246002197266,-24.50000000000176,0.07324600219550703,0.005364976837624221,0.0001312267349427005,0.18969082832336426,0
686,-24.687747955322266,-24.50000000000176,0.18774795532050703,0.0352492947270311,0.0001312267349427005,0.20416593551635742,0
687,-24.698406219482422,-24.50000000000176,0.19840621948066328,0.03936502792860913,0.0001312267349427005,0.21971797943115234,0
688,-24.757915496826172,-24.50000000000176,0.2579154968244133,0.06652040350218394,0.0001312267349427005,0.1974930763244629,0
689,-24.678258895874023,-24.50000000000176,0.17825889587226484,0.03177623395759896,0.0001312267349427005,0.2728288173675537,0
690,-24.736093521118164,-24.50000000000176,0.23609352111640547,0.055740150713142596,0.0001312267349427005,0.19414210319519043,0
691,-24.713153839111328,-24.50000000000176,0.21315383910956953,0.04543455912714826,0.0001312267349427005,0.19793415069580078,0
692,-24.540258407592773,-24.50000000000176,0.040258407591014844,0.0016207393817642816,0.0001312267349427005,0.20459604263305664,0
693,-24.63916015625,-24.50000000000176,0.1391601562482414,0.019365549087034962,0.0001312267349427005,0.2112438678741455,0
694,-24.53296661376953,-24.000000000001766,0.5329666137677656,0.2840534113910786,0.0001312267349427005,0.2418680191040039,0
695,-24.430856704711914,-24.000000000001766,0.43085670471014836,0.18563749999368798,0.0001312267349427005,0.18591094017028809,0
696,-31.74994468688965,-32.00000000000168,0.25005531311202844,0.06252765961555458,0.0001312267349427005,0.2277209758758545,0
697,-32.59607696533203,-33.00000000000166,0.4039230346696314,0.16315381793672426,0.0001312267349427005,0.25037503242492676,0
698,-33.00168991088867,-33.500000000001656,0.4983100891129837,0.24831294491178973,0.0001312267349427005,0.2570812702178955,0
699,-33.10885238647461,-33.00000000000166,0.1088523864729467,0.011848842040855751,0.0001312267349427005,0.22963619232177734,0
700,-33.11075973510742,-33.00000000000166,0.1107597351057592,0.012267718920697949,0.0001312267349427005,0.19666385650634766,0
701,-32.85621643066406,-33.00000000000166,0.14378356933760017,0.020673714811460474,0.0001312267349427005,0.19234800338745117,0
702,-32.48436737060547,-32.50000000000167,0.015632629396201025,0.00024437910183896844,0.0001312267349427005,0.19198322296142578,0
703,-32.306610107421875,-32.50000000000167,0.19338989257979478,0.037399650552024565,0.0001312267349427005,0.2051849365234375,0
704,-32.27705001831055,-32.50000000000167,0.2229499816911229,0.049706694336072034,0.0001312267349427005,0.18896198272705078,0
705,-32.403045654296875,-32.50000000000167,0.09695434570479478,0.009400145151044858,0.0001312267349427005,0.20293402671813965,0
706,-32.79013442993164,-33.00000000000166,0.20986557007002205,0.04404355750081533,0.0001312267349427005,0.19495916366577148,0
707,-33.1740608215332,-33.00000000000166,0.17406082153154045,0.030297169592234777,0.0001312267349427005,0.19664835929870605,0
708,-33.28908157348633,-33.00000000000166,0.28908157348466545,0.08356815612837003,0.0001312267349427005,0.19316601753234863,0
709,-33.163177490234375,-33.00000000000166,0.16317749023271233,0.026626893318646927,0.0001312267349427005,0.20948481559753418,0
710,-32.985809326171875,-33.00000000000166,0.01419067382978767,0.00020137522374342066,0.0001312267349427005,0.2124321460723877,0
711,-32.736942291259766,-32.50000000000167,0.23694229125809585,0.05614164938663632,0.0001312267349427005,0.21124815940856934,0
712,-32.387813568115234,-32.50000000000167,0.1121864318864354,0.012585795499409809,0.0001312267349427005,0.2315990924835205,0
713,-32.139198303222656,-32.50000000000167,0.3608016967790135,0.13017786439861523,0.0001312267349427005,0.20337700843811035,0
714,-32.18453598022461,-32.50000000000167,0.3154640197770604,0.09951754777390155,0.0001312267349427005,0.30028271675109863,0
715,-32.324058532714844,-32.50000000000167,0.17594146728682603,0.03095539991104127,0.0001312267349427005,0.247650146484375,0
716,-32.473297119140625,-33.00000000000166,0.5267028808610377,0.27741592470731646,0.0001312267349427005,0.19718313217163086,0
717,-32.6939582824707,-33.00000000000166,0.30604171753095955,0.09366153286929962,0.0001312267349427005,0.2108321189880371,0
718,-32.784454345703125,-33.00000000000166,0.21554565429853767,0.04645992908698471,0.0001312267349427005,0.24733996391296387,0
719,-32.714542388916016,-33.00000000000166,0.28545761108564705,0.08148604772672452,0.0001312267349427005,0.22250008583068848,0
720,-32.672943115234375,-33.00000000000166,0.32705688476728767,0.10696620587368288,0.0001312267349427005,0.2137460708618164,0
721,-32.63838577270508,-32.50000000000167,0.13838577270340835,0.019150622086719398,0.0001312267349427005,0.20867204666137695,0
722,-32.65422821044922,-33.00000000000166,0.3457717895524439,0.11955813045029956,0.0001312267349427005,0.2591409683227539,0
723,-32.84416198730469,-33.00000000000166,0.15583801269697517,0.024285486201342594,0.0001312267349427005,0.19684886932373047,0
724,-32.95925521850586,-33.00000000000166,0.040744781495803295,0.0016601372191407547,0.0001312267349427005,0.21013784408569336,0
725,-32.83138656616211,-32.50000000000167,0.3313865661604396,0.10981705623160741,0.0001312267349427005,0.2664649486541748,0
726,-32.65407180786133,-32.50000000000167,0.15407180785965835,0.02373812197714348,0.0001312267349427005,0.20871686935424805,0
727,-32.53364944458008,-32.50000000000167,0.03364944457840835,0.001132285120435375,0.0001312267349427005,0.21308207511901855,0
728,-32.305294036865234,-32.50000000000167,0.1947059631364354,0.03791041208088694,0.0001312267349427005,0.18910813331604004,0
729,-32.0698127746582,-32.50000000000167,0.43018722534346665,0.18506104884871055,0.0001312267349427005,0.19644474983215332,0
730,-32.05561828613281,-32.50000000000167,0.4443817138688573,0.19747510762102294,0.0001312267349427005,0.2107868194580078,0
731,-32.25251770019531,-32.50000000000167,0.24748229980635728,0.061247488717443704,0.0001312267349427005,0.19645404815673828,0
732,-32.40023422241211,-32.50000000000167,0.0997657775895604,0.009953210378049632,0.0001312267349427005,0.18924903869628906,0
733,-32.534515380859375,-33.00000000000166,0.46548461914228767,0.2166759306580406,0.0001312267349427005,0.20338797569274902,0
734,-32.602989196777344,-32.50000000000167,0.10298919677567397,0.010606774652498494,0.0001312267349427005,0.21037697792053223,0
735,-32.50156784057617,-32.50000000000167,0.0015678405745020996,2.4581240670550736e-06,0.0001312267349427005,0.1885969638824463,0
736,-32.268272399902344,-32.50000000000167,0.23172760009932603,0.053697680647793164,0.0001312267349427005,0.22472119331359863,0
737,-32.029022216796875,-32.50000000000167,0.4709777832047948,0.22182007227250267,0.0001312267349427005,0.24545502662658691,0
738,-31.910642623901367,-32.50000000000167,0.5893573761003026,0.34734211676383353,0.0001312267349427005,0.21245503425598145,0
739,-31.930227279663086,-32.50000000000167,0.5697727203385838,0.3246409528420301,0.0001312267349427005,0.20682883262634277,0
740,-32.12896728515625,-32.50000000000167,0.3710327148454198,0.1376652754855626,0.0001312267349427005,0.19982218742370605,0
741,-32.43521499633789,-32.50000000000167,0.06478500366377915,0.004197096699715878,0.0001312267349427005,0.2546508312225342,0
742,-32.53437042236328,-32.50000000000167,0.034370422361611475,0.001181325933315562,0.0001312267349427005,0.23551607131958008,0
743,-32.58506393432617,-33.00000000000166,0.4149360656754908,0.17217193859825522,0.0001312267349427005,0.2290818691253662,0
744,-32.62709426879883,-33.00000000000166,0.37290573120283455,0.1390586843639207,0.0001312267349427005,0.2040400505065918,0
745,-32.60667419433594,-33.00000000000166,0.39332580566572517,0.15470518940259181,0.0001312267349427005,0.22278785705566406,0
746,-32.39252471923828,-32.50000000000167,0.10747528076338853,0.011550935975169192,0.0001312267349427005,0.23244309425354004,0
747,-32.17536163330078,-32.50000000000167,0.3246383667008885,0.10539006913422057,0.0001312267349427005,0.19760990142822266,0
748,-31.945528030395508,-32.50000000000167,0.554471969606162,0.3074391650789366,0.0001312267349427005,0.18212580680847168,0
749,-31.765161514282227,-32.00000000000168,0.23483848571945032,0.05514911437500447,0.0001312267349427005,0.1999506950378418,0
750,-31.561960220336914,-32.00000000000168,0.4380397796647628,0.19187884856875395,0.0001312267349427005,0.19551801681518555,0
751,-31.59519386291504,-32.00000000000168,0.4048061370866378,0.16386800862300582,0.0001312267349427005,0.20930695533752441,0
752,-32.05271530151367,-32.50000000000167,0.4472846984879979,0.20006360150149918,0.0001312267349427005,0.1990509033203125,0
753,-32.42097854614258,-32.50000000000167,0.07902145385909165,0.006244390170004551,0.0001312267349427005,0.19851112365722656,0
754,-32.56189727783203,-33.00000000000166,0.4381027221696314,0.19193399517244125,0.0001312267349427005,0.20115399360656738,0
755,-32.44601058959961,-32.50000000000167,0.0539894104020604,0.0029148564355621076,0.0001312267349427005,0.21092915534973145,0
756,-32.274871826171875,-32.50000000000167,0.22512817382979478,0.050682694651938295,0.0001312267349427005,0.19906306266784668,0
757,-31.928865432739258,-32.00000000000168,0.07113456726241907,0.005060126659611623,0.0001312267349427005,0.2043619155883789,0
758,-31.54264259338379,-32.00000000000168,0.4573574066178878,0.20917579738823996,0.0001312267349427005,0.21139979362487793,0
759,-31.38955307006836,-32.00000000000168,0.6104469299333175,0.37264545426501267,0.0001312267349427005,0.20290303230285645,0
760,-31.62985610961914,-32.00000000000168,0.37014389038253626,0.137006499587519,0.0001312267349427005,0.22999334335327148,0
761,-31.77106285095215,-32.00000000000168,0.22893714904952844,0.052412218214926004,0.0001312267349427005,0.2687380313873291,0
762,-31.937068939208984,-32.00000000000168,0.0629310607926925,0.00396031841249356,0.0001312267349427005,0.22531890869140625,0
763,-32.16055679321289,-32.50000000000167,0.33944320678877915,0.11522169063504989,0.0001312267349427005,0.19180703163146973,0
764,-32.326019287109375,-32.50000000000167,0.17398071289229478,0.030269288458511106,0.0001312267349427005,0.1974329948425293,0
765,-32.061729431152344,-32.00000000000168,0.06172943115066687,0.0038105226701849212,0.0001312267349427005,0.20523715019226074,0
766,-31.818540573120117,-32.00000000000168,0.1814594268815597,0.032927523604184106,0.0001312267349427005,0.178145170211792,0
767,-31.950220108032227,-32.50000000000167,0.5497798919694432,0.30225792961393266,0.0001312267349427005,0.20796418190002441,0
768,-32.22233200073242,-32.50000000000167,0.2776679992692479,0.07709951781818705,0.0001312267349427005,0.20044589042663574,0
769,-32.04426956176758,-32.50000000000167,0.45573043823409165,0.2076902323330372,0.0001312267349427005,0.20078110694885254,0
770,-31.862632751464844,-32.50000000000167,0.637367248536826,0.40623700950740416,0.0001312267349427005,0.20098090171813965,0
771,-31.71811866760254,-32.00000000000168,0.2818813323991378,0.07945708555511323,0.0001312267349427005,0.21279597282409668,0
772,-31.432958602905273,-32.00000000000168,0.5670413970964034,0.3215359460210411,0.0001312267349427005,0.20348596572875977,0
773,-31.237789154052734,-32.00000000000168,0.7622108459489425,0.5809653736822026,0.0001312267349427005,0.19619464874267578,0
774,-31.456640243530273,-32.00000000000168,0.5433597564714034,0.2952398249526629,0.0001312267349427005,0.20648407936096191,0
775,-31.71473503112793,-32.00000000000168,0.2852649688737472,0.08137610246653995,0.0001312267349427005,0.20822501182556152,0
776,-32.083961486816406,-32.50000000000167,0.4160385131852635,0.1730880444534047,0.0001312267349427005,0.2075939178466797,0
777,-32.112728118896484,-32.50000000000167,0.3872718811051854,0.14997950989474887,0.0001312267349427005,0.23099708557128906,0
778,-32.06639862060547,-32.50000000000167,0.433601379396201,0.18801015621428827,0.0001312267349427005,0.29332709312438965,0
779,-32.16853713989258,-32.50000000000167,0.33146286010909165,0.10986762763169926,0.0001312267349427005,0.2089979648590088,0
780,-32.18942642211914,-32.50000000000167,0.31057357788252915,0.0964559472787554,0.0001312267349427005,0.20047688484191895,0
781,-32.08680725097656,-32.50000000000167,0.4131927490251073,0.17072824784692528,0.0001312267349427005,0.1840519905090332,0
782,-31.9676570892334,-32.50000000000167,0.5323429107682713,0.2833889746452357,0.0001312267349427005,0.19102907180786133,0
783,-31.80792999267578,-32.00000000000168,0.19207000732589563,0.0368908877141696,0.0001312267349427005,0.32315707206726074,0
784,-31.511131286621094,-32.00000000000168,0.48886871338058313,0.23899261892238674,0.0001312267349427005,0.24687695503234863,0
785,-31.791093826293945,-32.00000000000168,0.20890617370773157,0.043641789413204915,0.0001312267349427005,0.22027587890625,0
786,-31.69257164001465,-32.00000000000168,0.30742835998702844,0.09451219652431395,0.0001312267349427005,0.20250296592712402,0
787,-31.732006072998047,-32.00000000000168,0.26799392700363,0.07182074491082696,0.0001312267349427005,0.20366287231445312,0
788,-31.99974250793457,-32.00000000000168,0.00025749206710656836,6.63021646228135e-08,0.0001312267349427005,0.21262001991271973,0
789,-32.1132926940918,-32.00000000000168,0.11329269409012,0.01283523453419751,0.0001312267349427005,0.23392105102539062,0
790,-31.639421463012695,-32.00000000000168,0.36057853698898157,0.13001688133711434,0.0001312267349427005,0.20498299598693848,0
791,-31.92292594909668,-32.00000000000168,0.0770740509049972,0.005940409322906098,0.0001312267349427005,0.19940996170043945,0
792,-32.0296630859375,-32.00000000000168,0.02966308593582312,0.0008798986672360273,0.0001312267349427005,0.21560120582580566,0
793,-31.615745544433594,-31.50000000000168,0.11574554443191332,0.01339703105584002,0.0001312267349427005,0.22612714767456055,0
794,-31.783740997314453,-32.00000000000168,0.21625900268722376,0.04676795624327265,0.0001312267349427005,0.1971280574798584,0
795,-31.982385635375977,-32.00000000000168,0.01761436462570032,0.0003102658411671227,0.0001312267349427005,0.20923113822937012,0
796,-31.75290298461914,-32.00000000000168,0.24709701538253626,0.06105693501095736,0.0001312267349427005,0.19896197319030762,0
797,-31.92815399169922,-32.00000000000168,0.07184600830245813,0.005161848908996882,0.0001312267349427005,0.20501112937927246,0
798,-31.84457015991211,-32.00000000000168,0.1554298400895675,0.024158435190268526,0.0001312267349427005,0.2087879180908203,0
799,-31.68419075012207,-32.00000000000168,0.31580924987960657,0.09973548230951979,0.0001312267349427005,0.20305585861206055,0
800,-31.922199249267578,-32.00000000000168,0.07780075073409876,0.006052956814789368,0.0001312267349427005,0.23821711540222168,0
801,-31.868295669555664,-32.00000000000168,0.13170433044601282,0.01734603065823254,0.0001312267349427005,0.22354507446289062,0
802,-31.683910369873047,-32.00000000000168,0.31608963012863,0.09991265427485412,0.0001312267349427005,0.22475218772888184,0
803,-31.92436981201172,-32.00000000000168,0.07563018798995813,0.005719925335396407,0.0001312267349427005,0.2316761016845703,0
804,-31.901107788085938,-32.00000000000168,0.09889221191573938,0.009779669577587507,0.0001312267349427005,0.2180333137512207,0
805,-31.725059509277344,-32.00000000000168,0.27494049072433313,0.07559227343973711,0.0001312267349427005,0.2265326976776123,0
806,-31.789594650268555,-32.00000000000168,0.2104053497331222,0.044270411196317465,0.0001312267349427005,0.22489333152770996,0
807,-31.8471622467041,-32.00000000000168,0.15283775329757532,0.023359378833050497,0.0001312267349427005,0.20673584938049316,0
808,-31.783336639404297,-32.00000000000168,0.21666336059738,0.046943011825350316,0.0001312267349427005,0.1903238296508789,0
809,-31.782947540283203,-32.00000000000168,0.21705245971847376,0.047111770269839676,0.0001312267349427005,0.2695748805999756,0
810,-31.783910751342773,-32.00000000000168,0.21608924865890344,0.046694563385969404,0.0001312267349427005,0.2551732063293457,0
811,-31.723047256469727,-32.00000000000168,0.2769527435319503,0.07670282214987426,0.0001312267349427005,0.2108919620513916,0
812,-31.679771423339844,-32.00000000000168,0.32022857666183313,0.10254634131086354,0.0001312267349427005,0.25568413734436035,0
813,-31.573694229125977,-32.00000000000168,0.4263057708757003,0.1817366102819251,0.0001312267349427005,0.19883203506469727,0
814,-31.762226104736328,-32.00000000000168,0.23777389526534876,0.05653642526965704,0.0001312267349427005,0.22264504432678223,0
815,-31.659517288208008,-32.00000000000168,0.34048271179366907,0.11592847703037071,0.0001312267349427005,0.24437689781188965,0
816,-31.676612854003906,-31.50000000000168,0.17661285400222582,0.03119210019881153,0.0001312267349427005,0.1961839199066162,0
817,-31.37101936340332,-31.50000000000168,0.12898063659836012,0.016636004617318234,0.0001312267349427005,0.2041611671447754,0
818,-31.593502044677734,-31.50000000000168,0.09350204467605394,0.008742632358602787,0.0001312267349427005,0.20493197441101074,0
819,-26.317049026489258,-31.000000000001684,4.682950973512426,21.93002982032098,0.0001312267349427005,0.1945478916168213,0
820,-23.44617462158203,-23.50000000000177,0.053825378419738,0.0028971713620279975,0.0001312267349427005,0.17975497245788574,0
821,-23.38742446899414,-23.50000000000177,0.11257553100762863,0.012673250181649554,0.0001312267349427005,0.23763108253479004,0
822,-23.42449378967285,-23.50000000000177,0.07550621032891769,0.005701187798234756,0.0001312267349427005,0.23497915267944336,0
823,-23.775686264038086,-23.50000000000177,0.2756862640363167,0.07600291617830172,0.0001312267349427005,0.18738317489624023,0
824,-23.850059509277344,-23.50000000000177,0.3500595092755745,0.12254166003425603,0.0001312267349427005,0.21252202987670898,0
825,-23.82318878173828,-23.50000000000177,0.323188781736512,0.1044509886403308,0.0001312267349427005,0.18811893463134766,0
826,-24.025846481323242,-24.000000000001766,0.02584648132147649,0.000668040596701433,0.0001312267349427005,0.2017500400543213,0
827,-24.198511123657227,-24.000000000001766,0.19851112365546086,0.03940666621495367,0.0001312267349427005,0.18651199340820312,0
828,-24.45677375793457,-24.50000000000176,0.04322624206718828,0.0018685080032511579,0.0001312267349427005,0.20157313346862793,0
829,-24.749713897705078,-24.50000000000176,0.24971389770331953,0.06235703070618393,0.0001312267349427005,0.20941400527954102,0
830,-25.131389617919922,-25.00000000000175,0.1313896179181704,0.017263231696682802,0.0001312267349427005,0.1961219310760498,0
831,-25.42224884033203,-25.00000000000175,0.42224884033027976,0.1782940831602661,0.0001312267349427005,0.20045900344848633,0
832,-25.558013916015625,-25.00000000000175,0.5580139160138735,0.3113795304651383,0.0001312267349427005,0.20464205741882324,0
833,-25.791488647460938,-25.500000000001748,0.29148864745918956,0.0849656315975877,0.0001312267349427005,0.20853400230407715,0
834,-25.92435646057129,-25.500000000001748,0.4243564605695411,0.1800784056271085,0.0001312267349427005,0.20153212547302246,0
835,-26.0478458404541,-25.500000000001748,0.5478458404523536,0.3001350649009457,0.0001312267349427005,0.19448304176330566,0
836,-26.044906616210938,-25.500000000001748,0.5449066162091896,0.296923220388549,0.0001312267349427005,0.19182205200195312,0
837,-26.0189266204834,-25.500000000001748,0.5189266204816505,0.26928483744450693,0.0001312267349427005,0.1919407844543457,0
838,-25.934024810791016,-25.500000000001748,0.4340248107892677,0.18837753638065963,0.0001312267349427005,0.25797486305236816,0
839,-25.926834106445312,-25.500000000001748,0.42683410644356456,0.1821873544234762,0.0001312267349427005,0.20403003692626953,0
840,-25.77655792236328,-25.00000000000175,0.7765579223615298,0.6030422067824557,0.0001312267349427005,0.2293851375579834,0
841,-25.8089542388916,-25.00000000000175,0.8089542388898501,0.6544069606178566,0.0001312267349427005,0.2316570281982422,0
842,-25.76691436767578,-25.00000000000175,0.7669143676740298,0.5881576473448569,0.0001312267349427005,0.26844286918640137,0
843,-25.844141006469727,-25.00000000000175,0.8441410064679751,0.712574038800766,0.0001312267349427005,0.19968700408935547,0
844,-25.812253952026367,-25.00000000000175,0.8122539520246157,0.6597564825796067,0.0001312267349427005,0.2799959182739258,0
845,-25.912456512451172,-25.00000000000175,0.9124565124494204,0.8325768871113592,0.0001312267349427005,0.20479321479797363,0
846,-25.84054946899414,-25.00000000000175,0.8405494689923891,0.7065234098233873,0.0001312267349427005,0.19990301132202148,0
847,-25.819700241088867,-25.00000000000175,0.8197002410871157,0.6719084852382756,0.0001312267349427005,0.20001912117004395,0
848,-25.796817779541016,-25.00000000000175,0.7968177795392641,0.6349185737898834,0.0001312267349427005,0.25234389305114746,0
849,-25.5966796875,-25.00000000000175,0.5966796874982485,0.3560266494730075,0.0001312267349427005,0.2200639247894287,0
850,-25.573749542236328,-25.00000000000175,0.5737495422345766,0.32918853721438623,0.0001312267349427005,0.2801342010498047,0
851,-25.52462387084961,-24.50000000000176,1.0246238708478508,1.0498540767112332,0.0001312267349427005,0.19628691673278809,0
852,-25.609128952026367,-24.50000000000176,1.1091289520246086,1.2301670322192064,0.0001312267349427005,0.21562600135803223,0
853,-25.32495880126953,-24.50000000000176,0.8249588012677727,0.6805570237891604,0.0001312267349427005,0.22143101692199707,0
854,-25.31761360168457,-24.50000000000176,0.8176136016828117,0.6684920016567395,0.0001312267349427005,0.1949920654296875,0
855,-24.861764907836914,-24.000000000001766,0.8617649078351484,0.7426387563761218,0.0001312267349427005,0.20974421501159668,0
856,-24.825010299682617,-24.50000000000176,0.3250102996808586,0.1056316948986415,0.0001312267349427005,0.32108211517333984,0
857,-24.61093521118164,-24.000000000001766,0.6109352111798749,0.3732418322593984,0.0001312267349427005,0.2192380428314209,0
858,-24.879796981811523,-24.50000000000176,0.37979698180976484,0.14424574739180684,0.0001312267349427005,0.20031189918518066,0
859,-24.85804557800293,-24.50000000000176,0.3580455780011711,0.12819663592619268,0.0001312267349427005,0.29500293731689453,0
860,-25.295387268066406,-24.50000000000176,0.7953872680646477,0.6326409061993437,0.0001312267349427005,0.21808099746704102,0
861,-25.525436401367188,-25.00000000000175,0.525436401365436,0.2760834118798596,0.0001312267349427005,0.2168262004852295,0
862,-25.938146591186523,-25.00000000000175,0.938146591184772,0.8801190265516077,0.0001312267349427005,0.216156005859375,0
863,-26.026119232177734,-25.00000000000175,1.0261192321759829,1.0529206786414287,0.0001312267349427005,0.1887052059173584,0
864,-26.366199493408203,-25.500000000001748,0.8661994934064552,0.7503015623775996,0.0001312267349427005,0.21261000633239746,0
865,-26.53421974182129,-25.500000000001748,1.0342197418195411,1.0696104743692783,0.0001312267349427005,0.216627836227417,0
866,-26.64440155029297,-25.500000000001748,1.1444015502912208,1.3096549083089497,0.0001312267349427005,0.18428778648376465,0
867,-26.678815841674805,-25.500000000001748,1.1788158416730568,1.3896067885793573,0.0001312267349427005,0.23407888412475586,0
868,-26.79794692993164,-25.500000000001748,1.2979469299298927,1.6846662329144337,0.0001312267349427005,0.26459789276123047,0
869,-26.870298385620117,-25.500000000001748,1.3702983856183693,1.877717665628309,0.0001312267349427005,0.2691380977630615,0
870,-26.734813690185547,-25.500000000001748,1.234813690183799,1.524764849465331,0.0001312267349427005,0.20551204681396484,0
871,-26.590307235717773,-25.500000000001748,1.0903072357160255,1.1887698682547208,0.0001312267349427005,0.23228216171264648,0
872,-26.573244094848633,-25.500000000001748,1.0732440948468849,1.1518528871237093,0.0001312267349427005,0.27602195739746094,0
873,-26.180471420288086,-25.500000000001748,0.680471420286338,0.4630413538265061,0.0001312267349427005,0.3933737277984619,0
874,-25.861530303955078,-25.500000000001748,0.3615303039533302,0.13070416067658733,0.0001312267349427005,0.2380061149597168,0
875,-25.644807815551758,-25.00000000000175,0.6448078155500063,0.415777118994371,0.0001312267349427005,0.2952408790588379,0
876,-25.465591430664062,-25.00000000000175,0.465591430662311,0.21677538030617757,0.0001312267349427005,0.24211716651916504,0
877,-25.10407257080078,-25.00000000000175,0.10407257079902976,0.010831099992719062,0.0001312267349427005,0.3140568733215332,0
878,-24.954715728759766,-24.50000000000176,0.45471572875800703,0.2067663939799254,0.0001312267349427005,0.19351506233215332,0
879,-24.799345016479492,-24.50000000000176,0.2993450164777336,0.0896074388900546,0.0001312267349427005,0.2632160186767578,0
880,-24.466266632080078,-24.50000000000176,0.03373336792168047,0.001137940111339461,0.0001312267349427005,0.24523591995239258,0
881,-24.313812255859375,-24.50000000000176,0.1861877441423836,0.0346658760688297,0.0001312267349427005,0.20611214637756348,0
882,-24.162384033203125,-24.000000000001766,0.1623840332013593,0.02636857423874016,0.0001312267349427005,0.21737289428710938,0
883,-23.958314895629883,-24.000000000001766,0.041685104371882886,0.0017376479264947697,0.0001312267349427005,0.18831729888916016,0
884,-23.336694717407227,-24.000000000001766,0.6633052825945391,0.43997389791782143,0.0001312267349427005,0.2119600772857666,0
885,-22.99561882019043,-23.50000000000177,0.5043811798113396,0.25440037454787884,0.0001312267349427005,0.2026979923248291,0
886,-22.851842880249023,-23.50000000000177,0.6481571197527458,0.42010765188617527,0.0001312267349427005,0.24904108047485352,0
887,-22.814502716064453,-23.50000000000177,0.6854972839373161,0.4699065262854374,0.0001312267349427005,0.23128104209899902,0
888,-22.683351516723633,-23.50000000000177,0.8166484832781364,0.6669147452404807,0.0001312267349427005,0.23900604248046875,0
889,-23.280664443969727,-24.000000000001766,0.7193355560320391,0.517443642171923,0.0001312267349427005,0.2541649341583252,0
890,-23.57929229736328,-24.000000000001766,0.42070770263848445,0.17699497105935144,0.0001312267349427005,0.18978285789489746,0
891,-24.037076950073242,-24.000000000001766,0.03707695007147649,0.0013747002266027604,0.0001312267349427005,0.21106505393981934,0
892,-24.4231014251709,-24.50000000000176,0.07689857483086016,0.005913390811017399,0.0001312267349427005,0.21927094459533691,0
893,-24.64798927307129,-24.50000000000176,0.14798927306953047,0.021900824943648055,0.0001312267349427005,0.24858880043029785,0
894,-24.738855361938477,-24.50000000000176,0.23885536193671797,0.05705188392592054,0.0001312267349427005,0.20093917846679688,0
895,-24.853012084960938,-24.50000000000176,0.3530120849591789,0.12461753212722655,0.0001312267349427005,0.21221208572387695,0
896,-24.826095581054688,-24.50000000000176,0.3260955810529289,0.10633832798224732,0.0001312267349427005,0.2131049633026123,0
897,-24.796586990356445,-24.50000000000176,0.2965869903546867,0.08796384284765103,0.0001312267349427005,0.18396687507629395,0
898,-24.7547550201416,-24.50000000000176,0.25475502013984297,0.0649001202864518,0.0001312267349427005,0.20151805877685547,0
899,-24.8294677734375,-24.50000000000176,0.3294677734357414,0.10854901373270504,0.0001312267349427005,0.20273208618164062,0
900,-24.749269485473633,-24.50000000000176,0.24926948547187422,0.06213527638741291,0.0001312267349427005,0.2349071502685547,0
901,-24.785123825073242,-24.50000000000176,0.2851238250714836,0.08129559562339397,0.0001312267349427005,0.1835649013519287,0
902,-24.741191864013672,-24.50000000000176,0.24119186401191328,0.05817351526554127,0.0001312267349427005,0.2098231315612793,0
903,-24.7188777923584,-24.50000000000176,0.21887779235663984,0.047907487986916346,0.0001312267349427005,0.20915722846984863,0
904,-24.566465377807617,-24.50000000000176,0.0664653778058586,0.00441764644687552,0.0001312267349427005,0.18911385536193848,0
905,-24.48385238647461,-24.50000000000176,0.01614761352714922,0.0002607454226221724,0.0001312267349427005,0.24614405632019043,0
906,-24.44226837158203,-24.50000000000176,0.05773162841972734,0.00333294091999347,0.0001312267349427005,0.2993967533111572,0
907,-24.43938446044922,-24.50000000000176,0.06061553955253984,0.003674243635245522,0.0001312267349427005,0.1984250545501709,0
908,-24.300539016723633,-24.50000000000176,0.19946098327812578,0.039784683850276774,0.0001312267349427005,0.21886014938354492,0
909,-24.27824592590332,-37.00000000000162,12.7217540740983,161.84302672183668,0.0001312267349427005,0.20047712326049805,0
910,-24.25584602355957,-37.00000000000162,12.74415397644205,162.4134605752637,0.0001312267349427005,0.23786401748657227,0
911,-23.98613166809082,-37.00000000000162,13.0138683319108,169.3607689603108,0.0001312267349427005,0.2118363380432129,0
912,-24.412256240844727,-37.00000000000162,12.587743759156893,158.45129294619332,0.0001312267349427005,0.18970632553100586,0
913,-33.57414245605469,-37.00000000000162,3.4258575439469325,11.73649991141811,0.0001312267349427005,0.17571377754211426,0
914,-37.13264083862305,-36.50000000000162,0.6326408386214268,0.40023443069162223,0.0001312267349427005,0.20261502265930176,0
