slice,gnn_doa,music_doa,abs_error,squared_error,gnn_infer_time,music_time,selection_method,n_select,group_size,num_groups
500,-33.35029602050781,-34.00000000000165,0.649703979493836,0.4221152609701268,0.00011989984167627541,0.031909942626953125,corr,30,5,6
501,-33.333740234375,-34.00000000000165,0.6662597656266485,0.4439020752928765,0.00011989984167627541,0.03223562240600586,corr,30,5,6
502,-33.3709716796875,-34.00000000000165,0.6290283203141485,0.39567662775723894,0.00011989984167627541,0.03609490394592285,corr,30,5,6
503,-33.47763442993164,-34.00000000000165,0.5223655700700078,0.27286578879456425,0.00011989984167627541,0.03131294250488281,corr,30,5,6
504,-33.52779006958008,-34.00000000000165,0.47220993042157033,0.2229822183887443,0.00011989984167627541,0.04604601860046387,corr,30,5,6
505,-33.48722839355469,-34.00000000000165,0.512771606446961,0.26293472037819704,0.00011989984167627541,0.026539087295532227,corr,30,5,6
506,-33.510135650634766,-34.00000000000165,0.48986434936688283,0.23996708078063944,0.00011989984167627541,0.035326242446899414,corr,30,5,6
507,-33.60296630859375,-34.00000000000165,0.39703369140789846,0.15763575211298234,0.00011989984167627541,0.03321099281311035,corr,30,5,6
508,-33.76295852661133,-34.00000000000165,0.23704147339032033,0.056188660107053943,0.00011989984167627541,0.032180070877075195,corr,30,5,6
509,-33.893245697021484,-34.00000000000165,0.10675430298016408,0.01139648120478067,0.00011989984167627541,0.0318450927734375,corr,30,5,6
510,-34.00132751464844,-34.00000000000165,0.0013275146467890409,1.7622951374394319e-06,0.00011989984167627541,0.026020050048828125,corr,30,5,6
511,-34.03999710083008,-34.50000000000165,0.46000289917157033,0.2116026672462499,0.00011989984167627541,0.025487899780273438,corr,30,5,6
512,-34.016151428222656,-34.50000000000165,0.4838485717789922,0.23410944041257056,0.00011989984167627541,0.0321650505065918,corr,30,5,6
513,-33.97087097167969,-34.00000000000165,0.02912902832196096,0.0008485002909816037,0.00011989984167627541,0.02940201759338379,corr,30,5,6
514,-33.941253662109375,-34.00000000000165,0.05874633789227346,0.0034511322157531645,0.00011989984167627541,0.023005962371826172,corr,30,5,6
515,-33.77983856201172,-34.00000000000165,0.2201614379899297,0.04847105877779367,0.00011989984167627541,0.03340506553649902,corr,30,5,6
516,-33.81523513793945,-34.00000000000165,0.18476486206219533,0.034138054252862066,0.00011989984167627541,0.03710317611694336,corr,30,5,6
517,-33.855628967285156,-34.00000000000165,0.1443710327164922,0.020842995087626465,0.00011989984167627541,0.021142959594726562,corr,30,5,6
518,-33.72749710083008,-34.00000000000165,0.27250289917157033,0.07425783005691103,0.00011989984167627541,0.023846864700317383,corr,30,5,6
519,-33.79633331298828,-34.00000000000165,0.2036666870133672,0.04148011939900088,0.00011989984167627541,0.02097940444946289,corr,30,5,6
520,-33.96464920043945,-34.00000000000165,0.035350799562195334,0.0012496790296865098,0.00011989984167627541,0.025942087173461914,corr,30,5,6
521,-33.84299850463867,-34.00000000000165,0.15700149536297658,0.024649469546210757,0.00011989984167627541,0.06668376922607422,corr,30,5,6
522,-33.95196533203125,-34.00000000000165,0.04803466797039846,0.0023073293270264236,0.00011989984167627541,0.028761863708496094,corr,30,5,6
523,-34.095149993896484,-34.00000000000165,0.09514999389483592,0.009053521338187312,0.00011989984167627541,0.02339315414428711,corr,30,5,6
524,-34.16749954223633,-34.00000000000165,0.16749954223467967,0.028056096648827238,0.00011989984167627541,0.03269696235656738,corr,30,5,6
525,-34.1605224609375,-34.00000000000165,0.16052246093585154,0.025767460464901984,0.00011989984167627541,0.04654884338378906,corr,30,5,6
526,-34.24116516113281,-34.00000000000165,0.24116516113116404,0.05816063494342032,0.00011989984167627541,0.03525805473327637,corr,30,5,6
527,-34.15006637573242,-34.00000000000165,0.15006637573077342,0.02251991712496966,0.00011989984167627541,0.03091573715209961,corr,30,5,6
528,-34.18819046020508,-34.50000000000165,0.31180953979657033,0.09722518910814898,0.00011989984167627541,0.025129079818725586,corr,30,5,6
529,-34.087345123291016,-34.50000000000165,0.41265487671063283,0.1702840472730676,0.00011989984167627541,0.024561166763305664,corr,30,5,6
530,-34.03408432006836,-34.50000000000165,0.4659156799332891,0.21707742080769907,0.00011989984167627541,0.03770804405212402,corr,30,5,6
531,-33.976409912109375,-34.50000000000165,0.5235900878922735,0.27414658013903864,0.00011989984167627541,0.03361201286315918,corr,30,5,6
532,-34.08361053466797,-34.50000000000165,0.4163894653336797,0.17338018684086764,0.00011989984167627541,0.03422117233276367,corr,30,5,6
533,-33.75180435180664,-34.50000000000165,0.7481956481950078,0.5597967279779479,0.00011989984167627541,0.0273897647857666,corr,30,5,6
534,-33.663639068603516,-34.00000000000165,0.33636093139813283,0.11313867617101943,0.00011989984167627541,0.034471750259399414,corr,30,5,6
535,-33.839256286621094,-34.50000000000165,0.6607437133805547,0.43658225477192464,0.00011989984167627541,0.0381162166595459,corr,30,5,6
536,-34.112335205078125,-34.50000000000165,0.38766479492352346,0.1502839932230975,0.00011989984167627541,0.03388714790344238,corr,30,5,6
537,-33.941368103027344,-34.50000000000165,0.5586318969743047,0.3120695963171102,0.00011989984167627541,0.03247213363647461,corr,30,5,6
538,-34.054229736328125,-34.50000000000165,0.44577026367352346,0.19871112797556262,0.00011989984167627541,0.02798295021057129,corr,30,5,6
539,-34.082584381103516,-34.50000000000165,0.41741561889813283,0.17423579890011126,0.00011989984167627541,0.03215980529785156,corr,30,5,6
540,-33.97795867919922,-34.00000000000165,0.02204132080242971,0.00048581982271562064,0.00011989984167627541,0.03169989585876465,corr,30,5,6
541,-33.869483947753906,-34.00000000000165,0.1305160522477422,0.017034439894335375,0.00011989984167627541,0.03383493423461914,corr,30,5,6
542,-33.9517936706543,-34.00000000000165,0.048206329347351584,0.0023238501891453306,0.00011989984167627541,0.03136610984802246,corr,30,5,6
543,-33.909549713134766,-34.00000000000165,0.09045028686688283,0.008181254394301398,0.00011989984167627541,0.025768041610717773,corr,30,5,6
544,-33.9849853515625,-34.00000000000165,0.01501464843914846,0.00022543966775122326,0.00011989984167627541,0.03539681434631348,corr,30,5,6
545,-34.07764434814453,-34.00000000000165,0.07764434814288279,0.006028644798533186,0.00011989984167627541,0.03303813934326172,corr,30,5,6
546,-34.01318359375,-34.00000000000165,0.01318359374835154,0.00017380714412157383,0.00011989984167627541,0.024952173233032227,corr,30,5,6
547,-33.95216751098633,-34.00000000000165,0.047832489015320334,0.0022879470054007404,0.00011989984167627541,0.025700092315673828,corr,30,5,6
548,-33.844390869140625,-34.00000000000165,0.15560913086102346,0.024214201607323124,0.00011989984167627541,0.03325200080871582,corr,30,5,6
549,-33.42382049560547,-33.500000000001656,0.07617950439618681,0.005803316890048646,0.00011989984167627541,0.03302717208862305,corr,30,5,6
550,-33.12416458129883,-33.500000000001656,0.37583541870282744,0.14125226195152962,0.00011989984167627541,0.026288986206054688,corr,30,5,6
551,-33.15719985961914,-33.500000000001656,0.34280014038251494,0.11751193624627194,0.00011989984167627541,0.03847002983093262,corr,30,5,6
552,-33.28387451171875,-33.500000000001656,0.21612548828290556,0.04671022668552435,0.00011989984167627541,0.032698869705200195,corr,30,5,6
553,-33.60285568237305,-34.00000000000165,0.3971443176286016,0.15772360902468757,0.00011989984167627541,0.03586006164550781,corr,30,5,6
554,-33.866573333740234,-34.00000000000165,0.13342666626141408,0.017802675269634777,0.00011989984167627541,0.02175116539001465,corr,30,5,6
555,-33.89834213256836,-34.00000000000165,0.10165786743328908,0.010334322011084177,0.00011989984167627541,0.05831718444824219,corr,30,5,6
556,-33.773048400878906,-34.00000000000165,0.2269515991227422,0.05150702834436988,0.00011989984167627541,0.04265713691711426,corr,30,5,6
557,-33.521236419677734,-34.00000000000165,0.4787635803239141,0.22921456584457292,0.00011989984167627541,0.03552722930908203,corr,30,5,6
558,-33.233211517333984,-34.00000000000165,0.7667884826676641,0.5879645771517786,0.00011989984167627541,0.030939102172851562,corr,30,5,6
559,-32.983463287353516,-34.00000000000165,1.0165367126481328,1.0333468881614727,0.00011989984167627541,0.0339350700378418,corr,30,5,6
560,-32.52082443237305,-33.500000000001656,0.9791755676286087,0.958784792240808,0.00011989984167627541,0.02323317527770996,corr,30,5,6
561,-32.17048645019531,-33.500000000001656,1.329513549806343,1.7676062791186635,0.00011989984167627541,0.04509115219116211,corr,30,5,6
562,-31.864253997802734,-33.500000000001656,1.6357460021989212,2.675664983709753,0.00011989984167627541,0.027209997177124023,corr,30,5,6
563,-31.707632064819336,-33.500000000001656,1.7923679351823196,3.212582815069732,0.00011989984167627541,0.035463809967041016,corr,30,5,6
564,-31.725605010986328,-33.500000000001656,1.7743949890153274,3.148477577042704,0.00011989984167627541,0.02740788459777832,corr,30,5,6
565,-32.07845687866211,-33.500000000001656,1.4215431213395462,2.0207848458277797,0.00011989984167627541,0.025051116943359375,corr,30,5,6
566,-32.569236755371094,-33.500000000001656,0.9307632446305618,0.866320217555211,0.00011989984167627541,0.033342838287353516,corr,30,5,6
567,-33.01058578491211,-33.500000000001656,0.4894142150895462,0.23952627393171658,0.00011989984167627541,0.026803970336914062,corr,30,5,6
568,-33.339908599853516,-33.500000000001656,0.16009140014813994,0.02562925640139186,0.00011989984167627541,0.03130316734313965,corr,30,5,6
569,-33.645198822021484,-34.00000000000165,0.3548011779801641,0.12588387589611208,0.00011989984167627541,0.02574896812438965,corr,30,5,6
570,-33.77922439575195,-34.00000000000165,0.22077560424969533,0.04874186743181809,0.00011989984167627541,0.031481027603149414,corr,30,5,6
571,-33.62220001220703,-34.00000000000165,0.3777999877946172,0.14273283077761292,0.00011989984167627541,0.031097888946533203,corr,30,5,6
572,-33.347999572753906,-33.500000000001656,0.15200042724774931,0.02310412988349833,0.00011989984167627541,0.03448891639709473,corr,30,5,6
573,-32.97611999511719,-33.500000000001656,0.5238800048844681,0.27445025951775026,0.00011989984167627541,0.03417706489562988,corr,30,5,6
574,-32.630863189697266,-33.500000000001656,0.8691368103043899,0.7553987950260891,0.00011989984167627541,0.033106088638305664,corr,30,5,6
575,-32.51178741455078,-33.500000000001656,0.9882125854508743,0.9765641140435015,0.00011989984167627541,0.03645181655883789,corr,30,5,6
576,-32.271671295166016,-33.500000000001656,1.22832870483564,1.5087914071232007,0.00011989984167627541,0.04020094871520996,corr,30,5,6
577,-32.18634796142578,-33.500000000001656,1.3136520385758743,1.7256816784545503,0.00011989984167627541,0.03030109405517578,corr,30,5,6
578,-32.526485443115234,-33.500000000001656,0.9735145568864212,0.947730592469765,0.00011989984167627541,0.033670902252197266,corr,30,5,6
579,-32.72395324707031,-33.500000000001656,0.7760467529313431,0.602248562735281,0.00011989984167627541,0.03280901908874512,corr,30,5,6
580,-32.94121551513672,-34.00000000000165,1.0587844848649297,1.1210245853906946,0.00011989984167627541,0.027798175811767578,corr,30,5,6
581,-33.207332611083984,-34.00000000000165,0.7926673889176641,0.6283215894535473,0.00011989984167627541,0.03147292137145996,corr,30,5,6
582,-33.280548095703125,-34.00000000000165,0.7194519042985235,0.5176110425987718,0.00011989984167627541,0.032302141189575195,corr,30,5,6
583,-33.24993896484375,-34.00000000000165,0.7500610351578985,0.5625915564621382,0.00011989984167627541,0.026669740676879883,corr,30,5,6
584,-33.27153778076172,-34.00000000000165,0.7284622192399297,0.5306572048599634,0.00011989984167627541,0.03133511543273926,corr,30,5,6
585,-32.983123779296875,-34.00000000000165,1.0168762207047735,1.0340372482348232,0.00011989984167627541,0.036360740661621094,corr,30,5,6
586,-32.66190719604492,-33.500000000001656,0.8380928039567337,0.70239954804406,0.00011989984167627541,0.03114795684814453,corr,30,5,6
587,-32.585105895996094,-33.500000000001656,0.9148941040055618,0.8370312215441398,0.00011989984167627541,0.033425092697143555,corr,30,5,6
588,-32.316314697265625,-33.500000000001656,1.1836853027360306,1.4011108959132883,0.00011989984167627541,0.0301358699798584,corr,30,5,6
589,-31.895816802978516,-33.500000000001656,1.60418319702314,2.5734037296113823,0.00011989984167627541,0.03405022621154785,corr,30,5,6
590,-31.925798416137695,-33.500000000001656,1.5742015838639603,2.478110626639801,0.00011989984167627541,0.04167985916137695,corr,30,5,6
591,-31.864412307739258,-33.500000000001656,1.6355876922623978,2.675147099080236,0.00011989984167627541,0.04003095626831055,corr,30,5,6
592,-31.669532775878906,-33.500000000001656,1.8304672241227493,3.3506102585876434,0.00011989984167627541,0.03218984603881836,corr,30,5,6
593,-31.632997512817383,-33.500000000001656,1.8670024871842728,3.4856982871522604,0.00011989984167627541,0.022166728973388672,corr,30,5,6
594,-31.86551856994629,-33.500000000001656,1.6344814300553665,2.671529545195836,0.00011989984167627541,0.0335078239440918,corr,30,5,6
595,-32.28927230834961,-33.500000000001656,1.2107276916520462,1.4658615433330922,0.00011989984167627541,0.021014928817749023,corr,30,5,6
596,-32.63432312011719,-33.500000000001656,0.8656768798844681,0.7493964603665078,0.00011989984167627541,0.03699994087219238,corr,30,5,6
597,-33.009796142578125,-33.500000000001656,0.49020385742353056,0.24029982183290907,0.00011989984167627541,0.021490097045898438,corr,30,5,6
598,-33.396976470947266,-34.00000000000165,0.6030235290543828,0.3636373765932021,0.00011989984167627541,0.022851228713989258,corr,30,5,6
599,-33.62394714355469,-34.00000000000165,0.37605285644696096,0.14141575084191862,0.00011989984167627541,0.028992176055908203,corr,30,5,6
600,-33.61299133300781,-34.00000000000165,0.38700866699383596,0.1497757083283458,0.00011989984167627541,0.0262298583984375,corr,30,5,6
601,-33.727657318115234,-34.00000000000165,0.2723426818864141,0.07417053637708454,0.00011989984167627541,0.029361248016357422,corr,30,5,6
602,-33.633384704589844,-34.00000000000165,0.3666152954118047,0.13440677482988483,0.00011989984167627541,0.02384495735168457,corr,30,5,6
603,-33.552581787109375,-34.00000000000165,0.44741821289227346,0.20018305722771573,0.00011989984167627541,0.02292776107788086,corr,30,5,6
604,-33.435333251953125,-34.00000000000165,0.5646667480485235,0.3188485363516947,0.00011989984167627541,0.022687911987304688,corr,30,5,6
605,-33.086822509765625,-33.500000000001656,0.41317749023603056,0.17071563843774512,0.00011989984167627541,0.023771047592163086,corr,30,5,6
606,-32.76094055175781,-33.500000000001656,0.7390594482438431,0.5462088680384938,0.00011989984167627541,0.02181100845336914,corr,30,5,6
607,-32.256553649902344,-33.500000000001656,1.2434463500993118,1.5461588255753003,0.00011989984167627541,0.028288841247558594,corr,30,5,6
608,-31.474254608154297,-33.00000000000166,1.5257453918473658,2.327899000743472,0.00011989984167627541,0.02848076820373535,corr,30,5,6
609,-30.62375259399414,-33.00000000000166,2.376247406007522,5.646551734557478,0.00011989984167627541,0.026198148727416992,corr,30,5,6
610,-30.219242095947266,-33.00000000000166,2.780757904054397,7.732614520961003,0.00011989984167627541,0.02998495101928711,corr,30,5,6
611,-29.924129486083984,-33.00000000000166,3.0758705139176783,9.460979418388202,0.00011989984167627541,0.0332341194152832,corr,30,5,6
612,-30.04305076599121,-33.00000000000166,2.9569492340104517,8.743548772514997,0.00011989984167627541,0.025483131408691406,corr,30,5,6
613,-30.55283546447754,-33.00000000000166,2.4471645355241236,5.9886142639269995,0.00011989984167627541,0.023106098175048828,corr,30,5,6
614,-30.933053970336914,-33.00000000000166,2.0669460296647486,4.272265889546868,0.00011989984167627541,0.02061915397644043,corr,30,5,6
615,-31.252830505371094,-33.00000000000166,1.747169494630569,3.0526012429676377,0.00011989984167627541,0.032327890396118164,corr,30,5,6
616,-31.44964599609375,-33.00000000000166,1.5503540039079127,2.403597537433296,0.00011989984167627541,0.02119302749633789,corr,30,5,6
617,-31.610734939575195,-33.00000000000166,1.3892650604264674,1.930057408121756,0.00011989984167627541,0.02624797821044922,corr,30,5,6
618,-31.76323699951172,-33.500000000001656,1.7367630004899368,3.016345719870808,0.00011989984167627541,0.02453899383544922,corr,30,5,6
619,-31.81189727783203,-33.00000000000166,1.1881027221696314,1.4115880784268884,0.00011989984167627541,0.023633241653442383,corr,30,5,6
620,-31.92579460144043,-33.500000000001656,1.5742053985612259,2.478122636859308,0.00011989984167627541,0.02195119857788086,corr,30,5,6
621,-32.07040023803711,-33.500000000001656,1.4295997619645462,2.043755479409087,0.00011989984167627541,0.029500961303710938,corr,30,5,6
622,-32.30134201049805,-33.500000000001656,1.1986579895036087,1.4367809758008332,0.00011989984167627541,0.026018857955932617,corr,30,5,6
623,-31.91107177734375,-33.500000000001656,1.5889282226579056,2.5246928967588107,0.00011989984167627541,0.029281139373779297,corr,30,5,6
624,-31.9693603515625,-33.500000000001656,1.5306396484391556,2.3428577333739415,0.00011989984167627541,0.023432254791259766,corr,30,5,6
625,-31.713050842285156,-33.500000000001656,1.7869491577164993,3.193187292263706,0.00011989984167627541,0.025739669799804688,corr,30,5,6
626,-31.741512298583984,-33.500000000001656,1.7584877014176712,3.0922789960372046,0.00011989984167627541,0.023492813110351562,corr,30,5,6
627,-31.600492477416992,-33.00000000000166,1.3995075225846705,1.958621305771082,0.00011989984167627541,0.02072906494140625,corr,30,5,6
628,-31.51177215576172,-33.00000000000166,1.488227844239944,2.214822116371071,0.00011989984167627541,0.0220339298248291,corr,30,5,6
629,-31.460044860839844,-33.00000000000166,1.539955139161819,2.371461830630897,0.00011989984167627541,0.03537893295288086,corr,30,5,6
630,-31.411720275878906,-33.00000000000166,1.5882797241227564,2.5226324820594592,0.00011989984167627541,0.023244142532348633,corr,30,5,6
631,-30.970975875854492,-32.50000000000167,1.5290241241471776,2.3379147722240434,0.00011989984167627541,0.02373194694519043,corr,30,5,6
632,-30.817962646484375,-32.50000000000167,1.6820373535172948,2.829249658627465,0.00011989984167627541,0.022060155868530273,corr,30,5,6
633,-30.95641326904297,-33.00000000000166,2.043586730958694,4.176246726950441,0.00011989984167627541,0.0245358943939209,corr,30,5,6
634,-31.095468521118164,-33.00000000000166,1.9045314788834986,3.6272401540581662,0.00011989984167627541,0.020972013473510742,corr,30,5,6
635,-31.519508361816406,-33.00000000000166,1.4804916381852564,2.1918554907364642,0.00011989984167627541,0.026160001754760742,corr,30,5,6
636,-32.46006774902344,-33.500000000001656,1.039932250978218,1.0814590866246234,0.00011989984167627541,0.028738021850585938,corr,30,5,6
637,-32.66807174682617,-33.500000000001656,0.8319282531754837,0.6921046184316116,0.00011989984167627541,0.03347301483154297,corr,30,5,6
638,-32.76084518432617,-33.500000000001656,0.7391548156754837,0.5463498415362583,0.00011989984167627541,0.02281665802001953,corr,30,5,6
639,-32.2607536315918,-33.500000000001656,1.2392463684098587,1.5357315616170233,0.00011989984167627541,0.0242917537689209,corr,30,5,6
640,-31.648649215698242,-33.500000000001656,1.8513507843034134,3.427499726540864,0.00011989984167627541,0.02652597427368164,corr,30,5,6
641,-30.856365203857422,-33.00000000000166,2.143634796144241,4.595170139240361,0.00011989984167627541,0.027299880981445312,corr,30,5,6
642,-30.59897232055664,-33.00000000000166,2.401027679445022,5.764933917461147,0.00011989984167627541,0.026579856872558594,corr,30,5,6
643,-30.71270179748535,-33.00000000000166,2.287298202516311,5.231733067234348,0.00011989984167627541,0.025302886962890625,corr,30,5,6
644,-31.0087947845459,-33.00000000000166,1.9912052154557642,3.9648982100582364,0.00011989984167627541,0.02346968650817871,corr,30,5,6
645,-31.219266891479492,-33.00000000000166,1.7807331085221705,3.171010403787032,0.00011989984167627541,0.024082183837890625,corr,30,5,6
646,-31.4141902923584,-33.00000000000166,1.5858097076432642,2.5147924288556154,0.00011989984167627541,0.026760101318359375,corr,30,5,6
647,-31.34372901916504,-33.00000000000166,1.6562709808366236,2.743233561961511,0.00011989984167627541,0.02746891975402832,corr,30,5,6
648,-31.267972946166992,-33.00000000000166,1.7320270538346705,2.9999177152152083,0.00011989984167627541,0.025094985961914062,corr,30,5,6
649,-31.32984733581543,-33.00000000000166,1.670152664186233,2.789409921688372,0.00011989984167627541,0.02730584144592285,corr,30,5,6
650,-31.532764434814453,-33.00000000000166,1.4672355651872095,2.1527802037502304,0.00011989984167627541,0.02468085289001465,corr,30,5,6
651,-31.560930252075195,-33.00000000000166,1.4390697479264674,2.0709217393971464,0.00011989984167627541,0.023176193237304688,corr,30,5,6
652,-31.389997482299805,-33.00000000000166,1.610002517701858,2.5921081070063217,0.00011989984167627541,0.026146888732910156,corr,30,5,6
653,-30.833974838256836,-32.50000000000167,1.6660251617448338,2.7756398395669,0.00011989984167627541,0.02443981170654297,corr,30,5,6
654,-30.565139770507812,-32.50000000000167,1.9348602294938573,3.743684107677022,0.00011989984167627541,0.02380990982055664,corr,30,5,6
655,-30.26091194152832,-32.50000000000167,2.2390880584733495,5.013515333597954,0.00011989984167627541,0.024008750915527344,corr,30,5,6
656,-30.108537673950195,-32.50000000000167,2.3914623260514745,5.719092056923529,0.00011989984167627541,0.024641990661621094,corr,30,5,6
657,-30.462522506713867,-33.00000000000166,2.5374774932877955,6.438792028942114,0.00011989984167627541,0.037142038345336914,corr,30,5,6
658,-30.990806579589844,-33.00000000000166,2.009193420411819,4.036858200626144,0.00011989984167627541,0.021575927734375,corr,30,5,6
659,-31.235692977905273,-33.00000000000166,1.7643070220963892,3.112779268218629,0.00011989984167627541,0.022350072860717773,corr,30,5,6
660,-31.40766716003418,-33.500000000001656,2.092332839967476,4.377856713206363,0.00011989984167627541,0.023180246353149414,corr,30,5,6
661,-31.778467178344727,-33.500000000001656,1.721532821656929,2.963675256042068,0.00011989984167627541,0.031800031661987305,corr,30,5,6
662,-32.11538314819336,-33.500000000001656,1.3846168518082962,1.9171638263115172,0.00011989984167627541,0.03623771667480469,corr,30,5,6
663,-32.57569122314453,-33.500000000001656,0.9243087768571243,0.8543467149751133,0.00011989984167627541,0.034758806228637695,corr,30,5,6
664,-32.92623519897461,-33.500000000001656,0.5737648010270462,0.3292060468976059,0.00011989984167627541,0.026752948760986328,corr,30,5,6
665,-33.12590026855469,-33.500000000001656,0.37409973144696806,0.13995060906869364,0.00011989984167627541,0.025784015655517578,corr,30,5,6
666,-33.089378356933594,-33.500000000001656,0.4106216430680618,0.16861013375591477,0.00011989984167627541,0.023589134216308594,corr,30,5,6
667,-32.89695739746094,-33.500000000001656,0.6030426025407181,0.36366038047908245,0.00011989984167627541,0.023281335830688477,corr,30,5,6
668,-32.491233825683594,-33.500000000001656,1.0087661743180618,1.0176091944482983,0.00011989984167627541,0.02716064453125,corr,30,5,6
669,-31.955291748046875,-33.500000000001656,1.5447082519547806,2.3861235836571937,0.00011989984167627541,0.025432825088500977,corr,30,5,6
670,-31.23564910888672,-33.00000000000166,1.764350891114944,3.1129340669780965,0.00011989984167627541,0.027905702590942383,corr,30,5,6
671,-30.55187225341797,-33.00000000000166,2.448127746583694,5.993329463592955,0.00011989984167627541,0.024458885192871094,corr,30,5,6
672,-30.187114715576172,-32.50000000000167,2.312885284425498,5.349438338912016,0.00011989984167627541,0.024470090866088867,corr,30,5,6
673,-30.068424224853516,-32.50000000000167,2.431575775148154,5.912560750287347,0.00011989984167627541,0.02422499656677246,corr,30,5,6
674,-30.04528045654297,-32.50000000000167,2.454719543458701,6.025648037038094,0.00011989984167627541,0.026111364364624023,corr,30,5,6
675,-30.539020538330078,-33.00000000000166,2.4609794616715845,6.056419910769362,0.00011989984167627541,0.024085044860839844,corr,30,5,6
676,-30.88331413269043,-33.00000000000166,2.116685867311233,4.480359060875107,0.00011989984167627541,0.026735782623291016,corr,30,5,6
677,-30.94957733154297,-33.00000000000166,2.050422668458694,4.204233119329271,0.00011989984167627541,0.023192882537841797,corr,30,5,6
678,-30.72645378112793,-33.00000000000166,2.273546218873733,5.169012409355048,0.00011989984167627541,0.025583982467651367,corr,30,5,6
679,-30.797399520874023,-33.00000000000166,2.2026004791276392,4.851448870653306,0.00011989984167627541,0.024466991424560547,corr,30,5,6
680,-24.22502326965332,-24.000000000001766,0.2250232696515546,0.05063547188467626,0.00011989984167627541,0.025183916091918945,corr,30,5,6
681,-24.35809326171875,-24.000000000001766,0.3580932617169843,0.1282307840871086,0.00011989984167627541,0.02501702308654785,corr,30,5,6
682,-24.45425796508789,-24.000000000001766,0.4542579650861249,0.2063502988441871,0.00011989984167627541,0.020457983016967773,corr,30,5,6
683,-24.540916442871094,-24.50000000000176,0.04091644286933516,0.0016741552970795678,0.00011989984167627541,0.02285289764404297,corr,30,5,6
684,-24.639022827148438,-24.50000000000176,0.1390228271466789,0.01932734646785536,0.00011989984167627541,0.023999929428100586,corr,30,5,6
685,-24.67375373840332,-24.50000000000176,0.17375373840156172,0.030190361608518342,0.00011989984167627541,0.02326512336730957,corr,30,5,6
686,-24.789745330810547,-24.50000000000176,0.2897453308087883,0.08395235672549416,0.00011989984167627541,0.03239703178405762,corr,30,5,6
687,-24.845735549926758,-24.50000000000176,0.3457355499249992,0.11953307048194163,0.00011989984167627541,0.022657155990600586,corr,30,5,6
688,-24.804931640625,-24.50000000000176,0.3049316406232414,0.09298330545318165,0.00011989984167627541,0.023219823837280273,corr,30,5,6
689,-24.70499610900879,-24.50000000000176,0.20499610900703047,0.04202340470802232,0.00011989984167627541,0.023360013961791992,corr,30,5,6
690,-24.77762794494629,-24.50000000000176,0.27762794494453047,0.07707727581412324,0.00011989984167627541,0.0282590389251709,corr,30,5,6
691,-24.72135353088379,-24.50000000000176,0.22135353088203047,0.048997385633942014,0.00011989984167627541,0.027544260025024414,corr,30,5,6
692,-24.561731338500977,-24.50000000000176,0.06173133849921797,0.0038107581529050307,0.00011989984167627541,0.02879619598388672,corr,30,5,6
693,-24.6444034576416,-24.50000000000176,0.14440345763984297,0.020852358578341924,0.00011989984167627541,0.022563934326171875,corr,30,5,6
694,-24.52147674560547,-24.000000000001766,0.521476745603703,0.27193799620542924,0.00011989984167627541,0.025590896606445312,corr,30,5,6
695,-24.466596603393555,-24.000000000001766,0.466596603391789,0.21771239029675443,0.00011989984167627541,0.02903008460998535,corr,30,5,6
696,-30.278528213500977,-32.00000000000168,1.7214717865007003,2.963465111717913,0.00011989984167627541,0.027776002883911133,corr,30,5,6
697,-31.645931243896484,-33.00000000000166,1.3540687561051783,1.833502196260225,0.00011989984167627541,0.024326801300048828,corr,30,5,6
698,-31.775888442993164,-33.500000000001656,1.7241115570084915,2.972560661010245,0.00011989984167627541,0.023377180099487305,corr,30,5,6
699,-31.613187789916992,-33.00000000000166,1.3868122100846705,1.9232481060399282,0.00011989984167627541,0.024343013763427734,corr,30,5,6
700,-31.410829544067383,-33.00000000000166,1.5891704559342799,2.525462738014367,0.00011989984167627541,0.024806976318359375,corr,30,5,6
701,-30.670211791992188,-33.00000000000166,2.329788208009475,5.427913094180002,0.00011989984167627541,0.02613210678100586,corr,30,5,6
702,-29.825153350830078,-32.50000000000167,2.6748466491715917,7.1548045965844915,0.00011989984167627541,0.0301668643951416,corr,30,5,6
703,-29.60733413696289,-32.50000000000167,2.892665863038779,8.367515795189885,0.00011989984167627541,0.02881312370300293,corr,30,5,6
704,-29.804344177246094,-32.50000000000167,2.695655822755576,7.266560314756042,0.00011989984167627541,0.024308204650878906,corr,30,5,6
705,-30.20734405517578,-32.50000000000167,2.2926559448258885,5.256271281345487,0.00011989984167627541,0.02309894561767578,corr,30,5,6
706,-31.051015853881836,-33.00000000000166,1.9489841461198267,3.79853920182643,0.00011989984167627541,0.024682998657226562,corr,30,5,6
707,-31.88099479675293,-33.00000000000166,1.119005203248733,1.2521726448977382,0.00011989984167627541,0.024666786193847656,corr,30,5,6
708,-32.02376174926758,-33.00000000000166,0.9762382507340845,0.9530411221963453,0.00011989984167627541,0.02385711669921875,corr,30,5,6
709,-31.525768280029297,-33.00000000000166,1.4742317199723658,2.17335916417268,0.00011989984167627541,0.02381420135498047,corr,30,5,6
710,-30.889415740966797,-33.00000000000166,2.110584259034866,4.4545659144857535,0.00011989984167627541,0.024602174758911133,corr,30,5,6
711,-30.2979736328125,-32.50000000000167,2.2020263671891698,4.848920121796333,0.00011989984167627541,0.040971994400024414,corr,30,5,6
712,-29.654979705810547,-32.50000000000167,2.845020294191123,8.094140474359344,0.00011989984167627541,0.025285959243774414,corr,30,5,6
713,-29.3300838470459,-32.50000000000167,3.1699161529557713,10.048368416769916,0.00011989984167627541,0.032585859298706055,corr,30,5,6
714,-29.704992294311523,-32.50000000000167,2.7950077056901463,7.8120680748672955,0.00011989984167627541,0.03223133087158203,corr,30,5,6
715,-30.29752540588379,-32.50000000000167,2.2024745941178807,4.850894337734723,0.00011989984167627541,0.025769948959350586,corr,30,5,6
716,-30.721519470214844,-33.00000000000166,2.278480529786819,5.191473524617623,0.00011989984167627541,0.02739405632019043,corr,30,5,6
717,-31.01054573059082,-33.00000000000166,1.9894542694108424,3.9579282900770285,0.00011989984167627541,0.030085086822509766,corr,30,5,6
718,-30.89402961730957,-33.00000000000166,2.1059703826920924,4.435111252776278,0.00011989984167627541,0.028181076049804688,corr,30,5,6
719,-30.420055389404297,-33.00000000000166,2.579944610597366,6.656114193750393,0.00011989984167627541,0.029239177703857422,corr,30,5,6
720,-30.093664169311523,-32.50000000000167,2.4063358306901463,5.790452130063237,0.00011989984167627541,0.03343796730041504,corr,30,5,6
721,-29.815738677978516,-32.50000000000167,2.684261322023154,7.205258844909491,0.00011989984167627541,0.02326798439025879,corr,30,5,6
722,-29.75083351135254,-32.50000000000167,2.7491664886491307,7.557916382311391,0.00011989984167627541,0.028651952743530273,corr,30,5,6
723,-30.465927124023438,-33.00000000000166,2.534072875978225,6.421525340768554,0.00011989984167627541,0.02229619026184082,corr,30,5,6
724,-30.943357467651367,-33.00000000000166,2.0566425323502955,4.229778505872236,0.00011989984167627541,0.022258281707763672,corr,30,5,6
725,-30.655981063842773,-32.50000000000167,1.8440189361588963,3.400405836912588,0.00011989984167627541,0.026275157928466797,corr,30,5,6
726,-30.463468551635742,-32.50000000000167,2.0365314483659276,4.1474603401834225,0.00011989984167627541,0.02318406105041504,corr,30,5,6
727,-30.41067123413086,-32.50000000000167,2.0893287658708104,4.365294691895244,0.00011989984167627541,0.022694826126098633,corr,30,5,6
728,-29.883319854736328,-32.50000000000167,2.6166801452653417,6.84701498262585,0.00011989984167627541,0.028424978256225586,corr,30,5,6
729,-29.327028274536133,-32.50000000000167,3.172971725465537,10.067749570603747,0.00011989984167627541,0.023834705352783203,corr,30,5,6
730,-29.291120529174805,-32.50000000000167,3.208879470826865,10.296907458294102,0.00011989984167627541,0.024017333984375,corr,30,5,6
731,-29.599008560180664,-32.50000000000167,2.9009914398210057,8.415751333914752,0.00011989984167627541,0.024389982223510742,corr,30,5,6
732,-29.721195220947266,-32.50000000000167,2.778804779054404,7.721756000095596,0.00011989984167627541,0.022474050521850586,corr,30,5,6
733,-29.908538818359375,-32.50000000000167,2.5914611816422948,6.715671055958879,0.00011989984167627541,0.02316904067993164,corr,30,5,6
734,-30.04121208190918,-32.50000000000167,2.45878791809249,6.045638026157602,0.00011989984167627541,0.02238607406616211,corr,30,5,6
735,-29.97340202331543,-32.50000000000167,2.52659797668624,6.383697335795002,0.00011989984167627541,0.03272509574890137,corr,30,5,6
736,-29.58892059326172,-32.50000000000167,2.911079406739951,8.474383312345426,0.00011989984167627541,0.023012161254882812,corr,30,5,6
737,-29.15364646911621,-32.50000000000167,3.346353530885459,11.198081953669577,0.00011989984167627541,0.028170108795166016,corr,30,5,6
738,-28.900943756103516,-32.50000000000167,3.599056243898154,12.95320584674229,0.00011989984167627541,0.025122880935668945,corr,30,5,6
739,-28.8172607421875,-32.50000000000167,3.6827392578141698,13.562568441045663,0.00011989984167627541,0.025421857833862305,corr,30,5,6
740,-29.23863410949707,-32.50000000000167,3.2613658905045995,10.636507471746858,0.00011989984167627541,0.022643089294433594,corr,30,5,6
741,-29.936311721801758,-32.50000000000167,2.563688278199912,6.572497587779629,0.00011989984167627541,0.027453899383544922,corr,30,5,6
742,-30.163318634033203,-32.50000000000167,2.3366813659684667,5.460079806064259,0.00011989984167627541,0.024496793746948242,corr,30,5,6
743,-30.16044807434082,-32.50000000000167,2.3395519256608495,5.473503212863389,0.00011989984167627541,0.024762868881225586,corr,30,5,6
744,-30.13127899169922,-33.00000000000166,2.868721008302444,8.22956022347579,0.00011989984167627541,0.023586750030517578,corr,30,5,6
745,-29.939491271972656,-32.50000000000167,2.5605087280290135,6.556204946312757,0.00011989984167627541,0.03330707550048828,corr,30,5,6
746,-29.292993545532227,-32.50000000000167,3.207006454469443,10.284890399008669,0.00011989984167627541,0.028232097625732422,corr,30,5,6
747,-29.051565170288086,-32.50000000000167,3.448434829713584,11.891702774781754,0.00011989984167627541,0.029473066329956055,corr,30,5,6
748,-28.937870025634766,-32.50000000000167,3.562129974366904,12.688769954283162,0.00011989984167627541,0.025037050247192383,corr,30,5,6
749,-28.83465003967285,-32.00000000000168,3.1653499603288253,10.019440371353696,0.00011989984167627541,0.03223776817321777,corr,30,5,6
750,-28.445117950439453,-32.00000000000168,3.5548820495622238,12.637186386299717,0.00011989984167627541,0.027340173721313477,corr,30,5,6
751,-28.563491821289062,-32.00000000000168,3.4365081787126144,11.80958846235869,0.00011989984167627541,0.021569013595581055,corr,30,5,6
752,-29.34929656982422,-32.50000000000167,3.150703430177451,9.926932104931955,0.00011989984167627541,0.02567768096923828,corr,30,5,6
753,-29.821866989135742,-32.50000000000167,2.6781330108659276,7.172396423889799,0.00011989984167627541,0.024433374404907227,corr,30,5,6
754,-30.143630981445312,-33.00000000000166,2.85636901855635,8.158843970168567,0.00011989984167627541,0.02563929557800293,corr,30,5,6
755,-29.927330017089844,-32.50000000000167,2.572669982911826,6.618630840975535,0.00011989984167627541,0.027193069458007812,corr,30,5,6
756,-29.488872528076172,-32.50000000000167,3.011127471925498,9.06688865218444,0.00011989984167627541,0.02521228790283203,corr,30,5,6
757,-28.561906814575195,-32.50000000000167,3.9380931854264745,15.508577937102437,0.00011989984167627541,0.026079893112182617,corr,30,5,6
758,-27.71592903137207,-32.00000000000168,4.284070968629607,18.353264064255015,0.00011989984167627541,0.025787830352783203,corr,30,5,6
759,-27.40922737121582,-32.00000000000168,4.590772628785857,21.075193329209405,0.00011989984167627541,0.02594590187072754,corr,30,5,6
760,-27.98175048828125,-32.00000000000168,4.018249511720427,16.14632913844145,0.00011989984167627541,0.029081106185913086,corr,30,5,6
761,-28.518463134765625,-32.00000000000168,3.481536865236052,12.121098943997675,0.00011989984167627541,0.025310039520263672,corr,30,5,6
762,-29.09438133239746,-32.00000000000168,2.905618667604216,8.4426198415301,0.00011989984167627541,0.026382923126220703,corr,30,5,6
763,-29.475250244140625,-32.50000000000167,3.0247497558610448,9.14911108558145,0.00011989984167627541,0.028400182723999023,corr,30,5,6
764,-29.64589500427246,-32.50000000000167,2.854104995729209,8.145915326646428,0.00011989984167627541,0.0270841121673584,corr,30,5,6
765,-29.100887298583984,-32.00000000000168,2.8991127014176925,8.404854455521392,0.00011989984167627541,0.02864670753479004,corr,30,5,6
766,-28.575044631958008,-32.00000000000168,3.424955368043669,11.730319273091144,0.00011989984167627541,0.023283958435058594,corr,30,5,6
767,-28.816232681274414,-32.50000000000167,3.6837673187272557,13.570141658522994,0.00011989984167627541,0.024928808212280273,corr,30,5,6
768,-29.385334014892578,-32.50000000000167,3.1146659851090917,9.701144198795589,0.00011989984167627541,0.0207669734954834,corr,30,5,6
769,-29.05699920654297,-32.50000000000167,3.443000793458701,11.854254463757245,0.00011989984167627541,0.030550241470336914,corr,30,5,6
770,-28.817163467407227,-32.50000000000167,3.682836532594443,13.563284925812262,0.00011989984167627541,0.02441692352294922,corr,30,5,6
771,-28.578893661499023,-32.00000000000168,3.4211063385026534,11.703968579343032,0.00011989984167627541,0.02209782600402832,corr,30,5,6
772,-27.934173583984375,-32.00000000000168,4.065826416017302,16.530944445184097,0.00011989984167627541,0.021872282028198242,corr,30,5,6
773,-27.455644607543945,-32.00000000000168,4.544355392457732,20.651165932959664,0.00011989984167627541,0.021420001983642578,corr,30,5,6
774,-27.96207618713379,-32.00000000000168,4.037923812867888,16.304828718525542,0.00011989984167627541,0.0260159969329834,corr,30,5,6
775,-28.08968162536621,-32.00000000000168,3.910318374635466,15.290589791011753,0.00011989984167627541,0.02558302879333496,corr,30,5,6
776,-28.540605545043945,-32.50000000000167,3.9593944549577245,15.676804449949977,0.00011989984167627541,0.028594017028808594,corr,30,5,6
777,-28.72521209716797,-32.50000000000167,3.774787902833701,14.249023711379651,0.00011989984167627541,0.029403209686279297,corr,30,5,6
778,-28.85419464111328,-32.50000000000167,3.6458053588883885,13.291896714899291,0.00011989984167627541,0.02978515625,corr,30,5,6
779,-28.834814071655273,-32.50000000000167,3.6651859283463963,13.433587889348436,0.00011989984167627541,0.023305892944335938,corr,30,5,6
780,-28.94140625,-32.50000000000167,3.5585937500016698,12.663589477550946,0.00011989984167627541,0.02340984344482422,corr,30,5,6
781,-29.01082992553711,-32.50000000000167,3.4891700744645604,12.174307808539027,0.00011989984167627541,0.02277398109436035,corr,30,5,6
782,-28.75419044494629,-32.50000000000167,3.7458095550553807,14.031089222744189,0.00011989984167627541,0.02916097640991211,corr,30,5,6
783,-28.168115615844727,-32.00000000000168,3.8318843841569503,14.683337933545891,0.00011989984167627541,0.02569127082824707,corr,30,5,6
784,-27.405841827392578,-32.00000000000168,4.594158172609099,21.106289314950974,0.00011989984167627541,0.0225982666015625,corr,30,5,6
785,-28.149391174316406,-32.00000000000168,3.8506088256852706,14.827188328445299,0.00011989984167627541,0.03469204902648926,corr,30,5,6
786,-27.686176300048828,-32.00000000000168,4.313823699952849,18.609074914274885,0.00011989984167627541,0.024892091751098633,corr,30,5,6
787,-27.48956298828125,-32.00000000000168,4.510437011720427,20.344042036697495,0.00011989984167627541,0.022320032119750977,corr,30,5,6
788,-28.40677261352539,-32.00000000000168,3.5932273864762863,12.911283050923203,0.00011989984167627541,0.023530960083007812,corr,30,5,6
789,-28.92624282836914,-32.00000000000168,3.0737571716325363,9.447983150162448,0.00011989984167627541,0.02994990348815918,corr,30,5,6
790,-27.59071922302246,-32.00000000000168,4.409280776979216,19.441756970238437,0.00011989984167627541,0.027676820755004883,corr,30,5,6
791,-28.577356338500977,-32.00000000000168,3.4226436615007003,11.71448963361092,0.00011989984167627541,0.025575876235961914,corr,30,5,6
792,-28.73592185974121,-32.00000000000168,3.264078140260466,10.654206105726223,0.00011989984167627541,0.022136211395263672,corr,30,5,6
793,-27.4749698638916,-31.50000000000168,4.025030136110079,16.20086759659432,0.00011989984167627541,0.030571937561035156,corr,30,5,6
794,-27.93301010131836,-32.00000000000168,4.0669898986833175,16.54040683599214,0.00011989984167627541,0.02239203453063965,corr,30,5,6
795,-28.31674575805664,-32.00000000000168,3.6832542419450363,13.566361810806104,0.00011989984167627541,0.031494140625,corr,30,5,6
796,-27.599252700805664,-32.00000000000168,4.400747299196013,19.366576791381,0.00011989984167627541,0.0221097469329834,corr,30,5,6
797,-28.30165672302246,-32.00000000000168,3.698343276979216,13.677742994377365,0.00011989984167627541,0.02171492576599121,corr,30,5,6
798,-27.98052978515625,-32.00000000000168,4.019470214845427,16.15614080802954,0.00011989984167627541,0.020501136779785156,corr,30,5,6
799,-27.550268173217773,-32.00000000000168,4.449731826783903,19.800113330293616,0.00011989984167627541,0.02198624610900879,corr,30,5,6
800,-28.41425132751465,-32.00000000000168,3.5857486724870284,12.857593542242487,0.00011989984167627541,0.026647090911865234,corr,30,5,6
801,-28.095073699951172,-32.00000000000168,3.904926300050505,15.248449408826128,0.00011989984167627541,0.021313905715942383,corr,30,5,6
802,-27.75054359436035,-32.00000000000168,4.249456405641325,18.05787974344609,0.00011989984167627541,0.025161027908325195,corr,30,5,6
803,-28.274139404296875,-32.00000000000168,3.725860595704802,13.88203717862574,0.00011989984167627541,0.02222919464111328,corr,30,5,6
804,-27.971446990966797,-32.00000000000168,4.02855300903488,16.229239346603986,0.00011989984167627541,0.025006771087646484,corr,30,5,6
805,-27.60689353942871,-31.50000000000168,3.8931064605729695,15.156277913354995,0.00011989984167627541,0.022760868072509766,corr,30,5,6
806,-27.646175384521484,-32.00000000000168,4.3538246154801925,18.955788782361246,0.00011989984167627541,0.024442195892333984,corr,30,5,6
807,-27.66372299194336,-32.00000000000168,4.3362770080583175,18.803298290615192,0.00011989984167627541,0.02244091033935547,corr,30,5,6
808,-27.70871925354004,-32.00000000000168,4.291280746461638,18.41509044495235,0.00011989984167627541,0.023298978805541992,corr,30,5,6
809,-27.84251594543457,-32.00000000000168,4.157484054567107,17.28467366397975,0.00011989984167627541,0.026814937591552734,corr,30,5,6
810,-27.754579544067383,-32.00000000000168,4.245420455934294,18.02359484766535,0.00011989984167627541,0.031562089920043945,corr,30,5,6
811,-27.467159271240234,-32.00000000000168,4.5328407287614425,20.546645072318565,0.00011989984167627541,0.02978515625,corr,30,5,6
812,-27.354869842529297,-32.00000000000168,4.64513015747238,21.577234179859378,0.00011989984167627541,0.02575993537902832,corr,30,5,6
813,-26.986549377441406,-32.00000000000168,5.013450622560271,25.134687144849966,0.00011989984167627541,0.021795034408569336,corr,30,5,6
814,-27.381793975830078,-32.00000000000168,4.618206024171599,21.327826881694847,0.00011989984167627541,0.02465677261352539,corr,30,5,6
815,-27.094322204589844,-31.50000000000168,4.405677795411837,19.409996836984902,0.00011989984167627541,0.02377176284790039,corr,30,5,6
816,-27.661705017089844,-31.50000000000168,3.8382949829118367,14.732508375846177,0.00011989984167627541,0.02034306526184082,corr,30,5,6
817,-26.81664276123047,-31.50000000000168,4.683357238771212,21.933835025950707,0.00011989984167627541,0.02242732048034668,corr,30,5,6
818,-28.10720443725586,-32.00000000000168,3.8927955627458175,15.153857293333527,0.00011989984167627541,0.021318912506103516,corr,30,5,6
819,-24.77442741394043,-31.000000000001684,6.225572586061254,38.757754024317414,0.00011989984167627541,0.024727821350097656,corr,30,5,6
820,-23.91703224182129,-23.50000000000177,0.4170322418195198,0.17391589071701444,0.00011989984167627541,0.021693944931030273,corr,30,5,6
821,-23.90725326538086,-23.50000000000177,0.4072532653790901,0.1658552221619316,0.00011989984167627541,0.02357006072998047,corr,30,5,6
822,-23.951749801635742,-23.50000000000177,0.45174980163397294,0.2040778832763339,0.00011989984167627541,0.023295879364013672,corr,30,5,6
823,-24.295818328857422,-23.50000000000177,0.7958183288556526,0.6333268125426037,0.00011989984167627541,0.021603107452392578,corr,30,5,6
824,-24.352218627929688,-23.50000000000177,0.8522186279279182,0.7262765897873436,0.00011989984167627541,0.025226116180419922,corr,30,5,6
825,-24.3300724029541,-23.50000000000177,0.8300724029523323,0.6890201941430592,0.00011989984167627541,0.021457910537719727,corr,30,5,6
826,-24.471355438232422,-24.000000000001766,0.4713554382306562,0.22217594914961394,0.00011989984167627541,0.02368903160095215,corr,30,5,6
827,-24.55763053894043,-24.000000000001766,0.557630538938664,0.31095181795702487,0.00011989984167627541,0.03135395050048828,corr,30,5,6
828,-24.657567977905273,-24.000000000001766,0.6575679779035077,0.43239564556410803,0.00011989984167627541,0.023725271224975586,corr,30,5,6
829,-24.866580963134766,-24.50000000000176,0.36658096313300703,0.13438160253152306,0.00011989984167627541,0.023205041885375977,corr,30,5,6
830,-25.055376052856445,-25.00000000000175,0.055376052854693825,0.003066507229765844,0.00011989984167627541,0.022948265075683594,corr,30,5,6
831,-25.24179458618164,-25.00000000000175,0.24179458617988914,0.05846462190590383,0.00011989984167627541,0.023985862731933594,corr,30,5,6
832,-25.366769790649414,-25.00000000000175,0.3667697906476626,0.13452007933173024,0.00011989984167627541,0.022994279861450195,corr,30,5,6
833,-25.549312591552734,-25.500000000001748,0.04931259155098644,0.0024317316854744193,0.00011989984167627541,0.021996736526489258,corr,30,5,6
834,-25.67032241821289,-25.500000000001748,0.1703224182111427,0.02900972614529139,0.00011989984167627541,0.022700071334838867,corr,30,5,6
835,-25.797191619873047,-25.500000000001748,0.29719161987129894,0.08832285892172664,0.00011989984167627541,0.021914005279541016,corr,30,5,6
836,-25.77863121032715,-25.500000000001748,0.2786312103254005,0.07763535136739758,0.00011989984167627541,0.022370100021362305,corr,30,5,6
837,-25.800031661987305,-25.500000000001748,0.30003166198555675,0.09001899819381538,0.00011989984167627541,0.025038957595825195,corr,30,5,6
838,-25.788049697875977,-25.500000000001748,0.2880496978742286,0.08297262844543439,0.00011989984167627541,0.022475004196166992,corr,30,5,6
839,-25.821823120117188,-25.500000000001748,0.32182312011543956,0.10357012064083664,0.00011989984167627541,0.02693033218383789,corr,30,5,6
840,-25.65546417236328,-25.00000000000175,0.6554641723615298,0.4296332812495852,0.00011989984167627541,0.02225494384765625,corr,30,5,6
841,-25.716733932495117,-25.00000000000175,0.7167339324933657,0.5137075299874045,0.00011989984167627541,0.030864953994750977,corr,30,5,6
842,-25.663570404052734,-25.00000000000175,0.6635704040509829,0.4403256811323847,0.00011989984167627541,0.023941755294799805,corr,30,5,6
843,-25.725603103637695,-25.00000000000175,0.7256031036359438,0.5264998640061143,0.00011989984167627541,0.022986888885498047,corr,30,5,6
844,-25.679035186767578,-25.00000000000175,0.6790351867658266,0.46108878486610105,0.00011989984167627541,0.022113800048828125,corr,30,5,6
845,-25.77328872680664,-25.00000000000175,0.7732887268048891,0.5979754550035264,0.00011989984167627541,0.03141593933105469,corr,30,5,6
846,-25.679107666015625,-25.00000000000175,0.6791076660138735,0.4611872220388108,0.00011989984167627541,0.02627396583557129,corr,30,5,6
847,-25.662723541259766,-25.00000000000175,0.6627235412580141,0.43920249213756274,0.00011989984167627541,0.023242950439453125,corr,30,5,6
848,-25.65470314025879,-25.00000000000175,0.6547031402570376,0.42863620186242624,0.00011989984167627541,0.02213001251220703,corr,30,5,6
849,-25.50727081298828,-25.00000000000175,0.5072708129865298,0.25732367770801484,0.00011989984167627541,0.04345703125,corr,30,5,6
850,-25.490135192871094,-25.00000000000175,0.49013519286934226,0.24023250728906734,0.00011989984167627541,0.026839017868041992,corr,30,5,6
851,-25.449737548828125,-24.50000000000176,0.9497375488263664,0.9020014116507147,0.00011989984167627541,0.029481172561645508,corr,30,5,6
852,-25.498632431030273,-24.50000000000176,0.9986324310285148,0.9972667323019214,0.00011989984167627541,0.034945011138916016,corr,30,5,6
853,-25.284353256225586,-24.50000000000176,0.7843532562238273,0.615210030548921,0.00011989984167627541,0.027374267578125,corr,30,5,6
854,-25.286283493041992,-24.50000000000176,0.7862834930402336,0.6182417314275511,0.00011989984167627541,0.022109270095825195,corr,30,5,6
855,-24.981922149658203,-24.000000000001766,0.9819221496564374,0.9641711079859191,0.00011989984167627541,0.02382373809814453,corr,30,5,6
856,-24.985769271850586,-24.50000000000176,0.48576927184882734,0.2359717854725399,0.00011989984167627541,0.027173280715942383,corr,30,5,6
857,-24.812116622924805,-24.000000000001766,0.812116622923039,0.6595334092279215,0.00011989984167627541,0.025408029556274414,corr,30,5,6
858,-25.031709671020508,-24.50000000000176,0.5317096710187492,0.28271517425486653,0.00011989984167627541,0.022207975387573242,corr,30,5,6
859,-25.001203536987305,-24.50000000000176,0.5012035369855461,0.2512049854868217,0.00011989984167627541,0.023669004440307617,corr,30,5,6
860,-25.295215606689453,-24.50000000000176,0.7952156066876945,0.6323678611196781,0.00011989984167627541,0.021837234497070312,corr,30,5,6
861,-25.45168685913086,-25.00000000000175,0.4516868591291079,0.20402101870991857,0.00011989984167627541,0.024832963943481445,corr,30,5,6
862,-25.703893661499023,-25.00000000000175,0.703893661497272,0.49546628669603604,0.00011989984167627541,0.02241992950439453,corr,30,5,6
863,-25.747756958007812,-25.00000000000175,0.747756958006061,0.5591404682464781,0.00011989984167627541,0.0238037109375,corr,30,5,6
864,-25.93992042541504,-25.500000000001748,0.4399204254132911,0.19352998069581104,0.00011989984167627541,0.025383949279785156,corr,30,5,6
865,-26.027359008789062,-25.500000000001748,0.5273590087873146,0.2781075241491389,0.00011989984167627541,0.023416757583618164,corr,30,5,6
866,-26.07790756225586,-25.500000000001748,0.5779075622541114,0.3339771505104897,0.00011989984167627541,0.02150869369506836,corr,30,5,6
867,-26.091453552246094,-25.500000000001748,0.5914535522443458,0.3498173044624551,0.00011989984167627541,0.022900104522705078,corr,30,5,6
868,-26.170822143554688,-25.500000000001748,0.6708221435529396,0.45000234828096064,0.00011989984167627541,0.02380537986755371,corr,30,5,6
869,-26.23164939880371,-25.500000000001748,0.731649398801963,0.5353108427672739,0.00011989984167627541,0.02565789222717285,corr,30,5,6
870,-26.177705764770508,-25.500000000001748,0.6777057647687599,0.4592851036008097,0.00011989984167627541,0.03200101852416992,corr,30,5,6
871,-26.128110885620117,-25.500000000001748,0.6281108856183693,0.39452328463229214,0.00011989984167627541,0.025436878204345703,corr,30,5,6
872,-26.168344497680664,-25.500000000001748,0.6683444976789161,0.4466843675776827,0.00011989984167627541,0.030611038208007812,corr,30,5,6
873,-25.933435440063477,-25.500000000001748,0.4334354400617286,0.18786628070150435,0.00011989984167627541,0.025307178497314453,corr,30,5,6
874,-25.73464584350586,-25.500000000001748,0.23464584350411144,0.05505867187375596,0.00011989984167627541,0.031434059143066406,corr,30,5,6
875,-25.579378128051758,-25.00000000000175,0.5793781280500063,0.33567901526272953,0.00011989984167627541,0.025300979614257812,corr,30,5,6
876,-25.460039138793945,-25.00000000000175,0.4600391387921938,0.21163600922066336,0.00011989984167627541,0.02170276641845703,corr,30,5,6
877,-25.12063980102539,-25.00000000000175,0.12063980102363914,0.014553961591023243,0.00011989984167627541,0.021926164627075195,corr,30,5,6
878,-25.000572204589844,-24.50000000000176,0.5005722045880852,0.2505725320061758,0.00011989984167627541,0.024471044540405273,corr,30,5,6
879,-24.877777099609375,-24.50000000000176,0.3777770996076164,0.14271553698794293,0.00011989984167627541,0.022969961166381836,corr,30,5,6
880,-24.630266189575195,-24.50000000000176,0.13026618957343672,0.016969280145982552,0.00011989984167627541,0.03633403778076172,corr,30,5,6
881,-24.4681396484375,-24.50000000000176,0.03186035156425859,0.001015082001798155,0.00011989984167627541,0.02633500099182129,corr,30,5,6
882,-24.367273330688477,-24.000000000001766,0.36727333068671086,0.13488969943371007,0.00011989984167627541,0.02286696434020996,corr,30,5,6
883,-24.238136291503906,-24.000000000001766,0.23813629150214055,0.05670889333039246,0.00011989984167627541,0.02735590934753418,corr,30,5,6
884,-23.891098022460938,-24.000000000001766,0.1089019775408282,0.01185964071230305,0.00011989984167627541,0.023739099502563477,corr,30,5,6
885,-23.755216598510742,-23.50000000000177,0.25521659850897294,0.06513551215449029,0.00011989984167627541,0.025827884674072266,corr,30,5,6
886,-23.615100860595703,-23.50000000000177,0.11510086059393387,0.013248208109464199,0.00011989984167627541,0.025050878524780273,corr,30,5,6
887,-23.57400131225586,-23.50000000000177,0.07400131225409012,0.005476194215327349,0.00011989984167627541,0.03534102439880371,corr,30,5,6
888,-23.833328247070312,-23.50000000000177,0.33332824706854325,0.1111077202937878,0.00011989984167627541,0.02115607261657715,corr,30,5,6
889,-24.17025375366211,-24.000000000001766,0.17025375366034368,0.028986340635436987,0.00011989984167627541,0.028567075729370117,corr,30,5,6
890,-24.32748031616211,-24.000000000001766,0.3274803161603437,0.10724335747247865,0.00011989984167627541,0.029803037643432617,corr,30,5,6
891,-24.525110244750977,-24.000000000001766,0.5251102447492109,0.27574076914057616,0.00011989984167627541,0.022797107696533203,corr,30,5,6
892,-24.71810531616211,-24.50000000000176,0.21810531616035078,0.04756992893740657,0.00011989984167627541,0.02368903160095215,corr,30,5,6
893,-24.86962890625,-24.50000000000176,0.3696289062482414,0.13662552833427125,0.00011989984167627541,0.02272796630859375,corr,30,5,6
894,-24.91775131225586,-24.50000000000176,0.4177513122541008,0.17451615889002323,0.00011989984167627541,0.028537750244140625,corr,30,5,6
895,-25.01136589050293,-24.50000000000176,0.5113658905011711,0.2614950739680557,0.00011989984167627541,0.023034095764160156,corr,30,5,6
896,-24.994421005249023,-24.50000000000176,0.49442100524726484,0.2444521304297159,0.00011989984167627541,0.033419132232666016,corr,30,5,6
897,-24.973676681518555,-24.50000000000176,0.4736766815167961,0.2243695986127643,0.00011989984167627541,0.024166107177734375,corr,30,5,6
898,-24.942550659179688,-24.50000000000176,0.4425506591779289,0.1958510859388194,0.00011989984167627541,0.03232932090759277,corr,30,5,6
899,-24.97720718383789,-24.50000000000176,0.47720718383613203,0.2277266963048119,0.00011989984167627541,0.028619766235351562,corr,30,5,6
900,-24.924400329589844,-24.50000000000176,0.42440032958808516,0.1801156397544753,0.00011989984167627541,0.028373003005981445,corr,30,5,6
901,-24.96783447265625,-24.50000000000176,0.4678344726544914,0.21886909380390607,0.00011989984167627541,0.02473616600036621,corr,30,5,6
902,-24.93744468688965,-24.50000000000176,0.43744468688788984,0.19135785408644398,0.00011989984167627541,0.02051711082458496,corr,30,5,6
903,-24.89299774169922,-24.50000000000176,0.39299774169746016,0.1544472249793036,0.00011989984167627541,0.02814793586730957,corr,30,5,6
904,-24.771486282348633,-24.50000000000176,0.2714862823468742,0.07370480150252672,0.00011989984167627541,0.02987504005432129,corr,30,5,6
905,-24.702722549438477,-24.50000000000176,0.20272254943671797,0.04109643205012256,0.00011989984167627541,0.027747154235839844,corr,30,5,6
906,-24.702329635620117,-24.50000000000176,0.2023296356183586,0.04093728144945776,0.00011989984167627541,0.02541327476501465,corr,30,5,6
907,-24.718772888183594,-24.50000000000176,0.21877288818183516,0.047861576603421746,0.00011989984167627541,0.021387815475463867,corr,30,5,6
908,-24.700483322143555,-24.50000000000176,0.2004833221417961,0.04019356245701119,0.00011989984167627541,0.023718833923339844,corr,30,5,6
909,-24.666465759277344,-24.50000000000176,0.16646575927558516,0.027710849011197067,0.00011989984167627541,0.02120685577392578,corr,30,5,6
910,-24.6815128326416,-24.50000000000176,0.18151283263984297,0.032946908412939645,0.00011989984167627541,0.02273106575012207,corr,30,5,6
911,-24.53990936279297,-37.00000000000162,12.460090637208651,155.25385868745468,0.00011989984167627541,0.026512861251831055,corr,30,5,6
912,-24.452312469482422,-37.00000000000162,12.547687530519198,157.44446236354696,0.00011989984167627541,0.030586957931518555,corr,30,5,6
913,-29.747255325317383,-37.00000000000162,7.252744674684237,52.60230531616056,0.00011989984167627541,0.029153823852539062,corr,30,5,6
914,-35.178466796875,-36.50000000000162,1.32153320312662,1.7464500069661044,0.00011989984167627541,0.026378870010375977,corr,30,5,6
